date,temp_moy_c,temp_max_c,temp_min_c,humidite_moy_pct,precip_mm,vent_max_kmh
2020-01-01,9.4,10.9,8.0,96,0.0,9.8
2020-01-02,10.0,11.2,7.1,92,1.2,29.9
2020-01-03,9.6,11.6,6.2,86,1.4,30.3
2020-01-04,7.0,9.6,4.3,81,0.0,9.9
2020-01-05,7.3,8.4,6.6,84,0.0,18.8
2020-01-06,8.8,11.3,5.9,88,1.8,29.8
2020-01-07,10.7,12.4,6.8,98,1.7,27.9
2020-01-08,11.5,12.1,11.1,98,5.0,28.2
2020-01-09,10.7,12.0,8.4,90,13.6,35.4
2020-01-10,8.6,10.1,7.6,76,0.5,28.3
2020-01-11,10.2,10.9,9.4,76,0.1,31.1
2020-01-12,10.5,11.6,9.3,80,2.6,32.6
2020-01-13,10.2,11.6,8.8,81,11.2,48.4
2020-01-14,11.6,13.1,9.6,87,16.2,52.4
2020-01-15,10.1,12.3,8.4,81,21.8,51.0
2020-01-16,11.0,12.5,9.6,82,11.7,47.0
2020-01-17,8.1,10.0,6.7,78,5.0,31.0
2020-01-18,7.3,9.2,5.7,80,0.0,18.2
2020-01-19,5.7,8.5,3.8,78,0.0,20.1
2020-01-20,5.7,8.5,3.8,81,0.0,20.9
2020-01-21,6.1,9.1,3.2,79,0.0,18.8
2020-01-22,4.7,8.1,2.6,85,0.0,22.9
2020-01-23,4.9,9.0,3.0,81,0.0,24.0
2020-01-24,4.9,8.6,2.8,89,0.0,17.9
2020-01-25,7.1,9.4,5.4,94,0.9,15.3
2020-01-26,8.9,10.3,6.7,91,8.5,34.5
2020-01-27,8.6,9.2,7.2,85,12.3,37.8
2020-01-28,7.3,8.2,5.6,72,1.6,46.2
2020-01-29,8.8,10.6,7.1,82,1.0,25.8
2020-01-30,11.4,12.2,9.4,96,6.4,29.6
2020-01-31,10.7,11.5,9.9,96,6.7,29.5
2020-02-01,10.7,11.7,9.8,95,9.5,25.1
2020-02-02,11.9,12.8,11.2,95,11.3,39.4
2020-02-03,10.4,12.2,7.8,90,5.6,26.3
2020-02-04,8.6,10.1,7.4,69,0.0,28.8
2020-02-05,7.2,9.9,3.8,79,0.0,9.7
2020-02-06,6.6,11.5,3.3,71,0.0,16.8
2020-02-07,8.7,11.8,5.4,85,2.9,30.8
2020-02-08,9.5,10.6,7.9,77,2.8,34.5
2020-02-09,11.6,12.8,9.9,87,6.3,53.0
2020-02-10,9.7,10.9,7.8,70,5.1,58.7
2020-02-11,7.8,8.5,7.2,61,0.7,39.8
2020-02-12,8.0,9.3,6.9,75,1.7,30.1
2020-02-13,9.9,11.0,8.5,80,8.2,54.7
2020-02-14,10.2,11.5,8.5,86,1.0,29.7
2020-02-15,11.8,12.8,11.2,91,9.6,50.5
2020-02-16,11.2,12.9,8.5,86,23.8,60.3
2020-02-17,8.4,9.3,7.4,67,3.9,35.0
2020-02-18,8.9,10.2,7.7,71,2.3,34.7
2020-02-19,9.5,10.7,8.4,85,1.6,36.7
2020-02-20,9.2,10.6,7.2,79,4.3,43.4
2020-02-21,9.1,11.0,6.9,67,0.0,27.8
2020-02-22,10.5,11.7,9.1,87,0.5,30.9
2020-02-23,11.4,12.2,10.6,93,0.6,34.0
2020-02-24,10.6,11.2,9.6,93,10.7,34.2
2020-02-25,7.9,9.4,5.5,76,4.1,41.3
2020-02-26,6.7,8.1,5.1,67,0.7,43.1
2020-02-27,8.7,11.3,5.1,81,11.5,44.4
2020-02-28,10.0,11.9,6.4,89,5.6,40.7
2020-02-29,7.8,11.0,6.2,77,25.0,52.6
2020-03-01,8.1,9.2,6.8,67,3.9,32.4
2020-03-02,7.0,8.5,5.6,80,6.2,31.7
2020-03-03,6.9,9.2,5.6,77,3.1,21.5
2020-03-04,9.6,11.5,6.8,89,8.3,28.6
2020-03-05,8.9,11.1,7.0,86,15.6,40.5
2020-03-06,7.6,9.6,5.8,72,6.8,33.4
2020-03-07,10.0,12.5,7.7,85,0.3,31.7
2020-03-08,9.7,10.6,7.9,82,9.2,40.7
2020-03-09,9.1,10.6,7.4,79,7.2,28.4
2020-03-10,11.6,12.4,10.8,94,4.6,30.8
2020-03-11,11.5,11.9,10.6,93,6.9,35.1
2020-03-12,8.8,10.4,7.4,67,1.1,32.0
2020-03-13,8.3,9.9,7.1,70,5.0,31.1
2020-03-14,9.7,11.1,8.6,84,1.0,31.6
2020-03-15,8.8,10.3,5.8,86,5.1,31.3
2020-03-16,7.9,11.4,4.4,76,0.0,14.8
2020-03-17,7.6,10.7,3.2,85,0.0,16.6
2020-03-18,8.9,11.5,6.6,84,0.0,15.2
2020-03-19,9.3,15.2,3.8,88,0.0,20.2
2020-03-20,9.9,12.7,8.4,90,1.0,35.4
2020-03-21,10.2,15.6,6.7,81,0.0,25.9
2020-03-22,7.8,9.5,6.2,77,0.0,22.5
2020-03-23,8.9,13.2,6.4,82,0.5,12.3
2020-03-24,10.3,16.3,5.6,86,0.0,9.7
2020-03-25,8.6,15.1,2.8,71,0.0,15.0
2020-03-26,7.4,11.6,4.1,72,0.0,25.3
2020-03-27,7.5,12.2,3.8,75,0.0,22.3
2020-03-28,8.0,10.0,5.7,78,0.0,31.7
2020-03-29,6.9,8.2,5.0,61,0.0,41.8
2020-03-30,5.9,7.0,4.4,60,0.0,35.8
2020-03-31,7.3,10.2,5.4,69,0.0,32.7
2020-04-01,6.7,10.4,4.0,72,0.0,26.1
2020-04-02,7.7,10.7,4.8,71,0.2,18.2
2020-04-03,8.6,12.0,6.0,81,0.0,10.5
2020-04-04,10.0,14.8,5.8,74,0.0,26.3
2020-04-05,13.3,17.0,10.8,72,1.4,29.7
2020-04-06,11.7,14.1,8.4,84,1.1,25.5
2020-04-07,10.9,13.9,8.1,90,2.4,15.2
2020-04-08,13.0,19.6,7.8,85,0.0,10.6
2020-04-09,14.1,20.9,8.6,83,0.0,10.8
2020-04-10,16.0,23.6,11.4,67,0.0,15.9
2020-04-11,14.5,21.2,7.9,74,0.0,12.2
2020-04-12,11.8,15.6,7.2,88,3.4,16.6
2020-04-13,11.7,14.0,7.9,83,3.3,37.3
2020-04-14,9.4,15.0,5.3,67,0.0,29.5
2020-04-15,11.9,19.2,5.9,59,0.0,21.6
2020-04-16,14.2,15.9,11.2,72,0.0,19.4
2020-04-17,13.6,17.1,11.4,85,1.4,16.9
2020-04-18,12.5,15.1,10.4,90,0.7,16.9
2020-04-19,12.4,17.6,8.6,86,0.0,19.1
2020-04-20,10.7,11.6,9.4,90,13.6,22.7
2020-04-21,13.3,17.9,10.4,82,0.9,20.4
2020-04-22,13.4,18.3,9.8,75,0.0,20.2
2020-04-23,13.3,18.8,8.4,80,0.0,13.6
2020-04-24,12.9,14.9,11.4,85,0.1,11.4
2020-04-25,12.9,16.2,9.6,86,0.7,14.6
2020-04-26,12.0,16.4,9.1,85,0.0,14.5
2020-04-27,11.4,15.2,8.8,87,1.7,15.3
2020-04-28,11.2,13.2,9.8,88,7.0,18.4
2020-04-29,11.0,12.6,9.1,80,9.5,41.6
2020-04-30,10.6,12.4,9.2,77,7.4,35.6
2020-05-01,11.4,13.1,9.8,76,0.9,27.7
2020-05-02,11.9,13.2,9.4,90,3.5,15.8
2020-05-03,13.7,14.9,12.9,94,1.0,21.3
2020-05-04,15.5,19.9,12.1,83,2.9,26.3
2020-05-05,13.9,15.4,11.4,90,10.8,26.7
2020-05-06,15.0,20.6,10.8,85,0.9,12.0
2020-05-07,16.1,20.7,12.0,85,0.4,9.7
2020-05-08,17.4,22.8,13.1,75,0.2,21.5
2020-05-09,16.4,20.0,12.3,84,4.3,14.7
2020-05-10,15.2,19.2,12.4,83,5.5,33.9
2020-05-11,10.2,11.6,8.7,65,0.0,42.5
2020-05-12,9.7,12.9,7.4,64,0.0,26.5
2020-05-13,10.1,13.5,6.7,73,0.0,28.9
2020-05-14,9.7,12.1,7.1,62,0.0,35.6
2020-05-15,10.7,14.4,7.6,69,0.0,26.5
2020-05-16,11.0,14.7,7.6,76,0.0,17.0
2020-05-17,11.9,17.1,6.5,79,0.0,10.7
2020-05-18,12.3,16.5,7.9,77,0.0,11.5
2020-05-19,13.2,19.6,8.2,76,0.0,13.0
2020-05-20,15.7,22.6,9.9,64,0.0,14.0
2020-05-21,16.3,23.5,11.4,78,0.0,21.7
2020-05-22,14.9,16.2,13.1,76,0.3,27.1
2020-05-23,13.6,15.1,11.3,71,0.8,28.1
2020-05-24,13.5,17.6,10.1,75,0.0,17.9
2020-05-25,15.3,21.3,10.1,69,0.0,16.4
2020-05-26,16.3,22.4,11.2,65,0.0,22.3
2020-05-27,18.3,25.0,12.2,61,0.0,25.5
2020-05-28,20.0,25.1,15.6,57,0.0,20.3
2020-05-29,19.8,26.0,15.2,55,0.0,16.9
2020-05-30,19.9,25.8,14.7,50,0.0,15.4
2020-05-31,20.5,25.9,15.9,49,0.0,26.4
2020-06-01,18.5,22.8,14.1,57,0.0,24.2
2020-06-02,18.3,23.6,13.8,61,0.0,20.3
2020-06-03,15.2,18.3,13.6,82,3.2,19.2
2020-06-04,13.5,15.4,12.4,80,4.3,24.7
2020-06-05,14.0,15.8,12.9,82,2.6,27.7
2020-06-06,12.4,13.8,10.9,68,0.6,26.3
2020-06-07,12.7,15.1,11.2,81,2.2,20.1
2020-06-08,14.0,17.5,10.1,76,0.9,17.5
2020-06-09,13.7,17.6,9.9,78,0.2,11.7
2020-06-10,12.7,14.5,10.2,85,5.6,14.4
2020-06-11,13.1,16.3,11.4,85,46.2,41.9
2020-06-12,13.3,15.1,11.9,86,6.0,18.4
2020-06-13,14.0,17.3,10.1,84,1.5,10.7
2020-06-14,14.6,17.4,11.8,85,0.9,15.9
2020-06-15,14.8,17.1,13.4,88,2.9,16.1
2020-06-16,14.3,16.6,12.8,89,5.2,11.5
2020-06-17,14.1,16.4,11.4,93,4.7,13.8
2020-06-18,13.9,15.6,12.6,92,17.0,20.4
2020-06-19,14.2,15.9,12.6,84,1.2,20.4
2020-06-20,15.6,17.5,14.4,83,2.3,25.7
2020-06-21,15.7,16.8,13.1,80,6.3,32.4
2020-06-22,15.6,18.1,13.0,82,0.0,21.1
2020-06-23,18.6,24.7,11.7,77,0.0,10.3
2020-06-24,21.9,28.2,14.9,71,0.0,13.0
2020-06-25,19.7,23.9,15.8,85,1.3,11.0
2020-06-26,16.2,17.6,14.9,86,2.7,31.4
2020-06-27,15.7,16.8,14.2,84,9.6,35.4
2020-06-28,15.0,16.8,13.6,75,0.4,23.8
2020-06-29,14.8,16.4,13.1,78,1.8,25.5
2020-06-30,16.3,17.6,15.2,94,9.3,25.1
2020-07-01,15.7,17.5,14.1,90,3.5,23.2
2020-07-02,15.0,16.9,13.4,81,1.0,20.7
2020-07-03,15.1,16.8,13.2,80,0.0,28.3
2020-07-04,16.6,17.4,15.6,95,7.7,27.1
2020-07-05,16.1,17.5,13.7,86,2.3,23.8
2020-07-06,14.7,17.0,12.9,74,0.0,22.0
2020-07-07,14.1,17.4,9.8,80,0.0,13.8
2020-07-08,15.8,18.5,12.9,89,0.0,15.1
2020-07-09,16.1,17.6,15.1,90,0.9,24.9
2020-07-10,15.3,17.8,12.6,79,0.0,18.4
2020-07-11,15.0,20.0,11.4,75,0.0,19.2
2020-07-12,16.5,22.0,11.9,72,0.0,16.6
2020-07-13,16.4,21.8,11.6,70,0.0,15.7
2020-07-14,16.3,18.2,14.8,84,0.4,25.8
2020-07-15,15.6,17.5,14.1,82,0.6,19.1
2020-07-16,16.9,19.5,14.1,85,0.1,16.5
2020-07-17,16.4,19.9,13.9,85,0.0,12.1
2020-07-18,16.2,20.6,13.4,83,0.0,14.1
2020-07-19,16.4,20.3,12.6,87,0.0,18.7
2020-07-20,16.7,20.0,13.9,75,0.0,25.7
2020-07-21,17.0,21.7,13.4,69,0.0,22.6
2020-07-22,17.3,22.8,12.7,71,0.0,16.3
2020-07-23,16.1,19.4,13.2,80,0.2,13.3
2020-07-24,17.2,19.2,14.9,89,1.7,19.3
2020-07-25,17.1,18.4,16.2,97,12.3,26.3
2020-07-26,16.6,18.4,14.6,84,0.9,21.6
2020-07-27,17.3,19.1,15.1,88,2.8,34.0
2020-07-28,16.3,18.5,13.8,73,0.2,18.2
2020-07-29,16.0,19.8,12.1,81,0.0,10.3
2020-07-30,20.3,27.7,13.7,67,0.0,14.3
2020-07-31,18.6,20.4,16.9,87,4.3,19.6
2020-08-01,17.5,19.6,15.4,86,1.0,17.1
2020-08-02,16.3,18.7,14.4,85,2.0,19.1
2020-08-03,16.3,19.5,14.0,77,0.2,15.0
2020-08-04,15.6,18.5,11.4,80,0.0,15.6
2020-08-05,18.1,20.6,15.6,88,1.0,30.4
2020-08-06,20.0,23.1,17.5,82,0.0,18.0
2020-08-07,19.8,25.0,15.5,79,0.0,18.8
2020-08-08,18.9,22.6,16.0,83,0.0,22.6
2020-08-09,18.9,24.3,15.4,85,0.0,19.7
2020-08-10,19.7,23.9,16.9,84,1.2,19.8
2020-08-11,20.7,25.3,17.2,86,9.8,18.9
2020-08-12,19.6,25.0,17.4,89,2.4,16.4
2020-08-13,18.6,20.5,17.8,93,2.0,17.3
2020-08-14,18.2,20.4,16.0,86,0.2,17.7
2020-08-15,18.1,21.8,15.2,86,2.0,14.1
2020-08-16,17.2,19.1,15.4,88,4.6,14.3
2020-08-17,17.6,19.9,14.6,87,0.6,18.3
2020-08-18,18.9,21.4,17.0,90,2.2,20.7
2020-08-19,19.7,20.8,18.6,92,36.5,47.6
2020-08-20,18.5,20.0,16.8,75,0.2,38.4
2020-08-21,18.4,19.6,17.4,82,2.0,47.5
2020-08-22,17.1,18.6,15.8,85,1.9,27.3
2020-08-23,16.8,19.0,15.2,80,0.2,17.4
2020-08-24,16.9,18.4,15.6,89,3.2,24.5
2020-08-25,17.9,19.4,16.6,88,6.7,38.3
2020-08-26,16.8,18.4,14.9,76,0.0,22.5
2020-08-27,16.9,19.8,13.2,89,4.3,32.7
2020-08-28,15.3,17.0,13.4,85,4.4,27.1
2020-08-29,14.4,16.2,12.9,74,0.3,24.2
2020-08-30,14.1,17.8,11.2,75,0.1,18.8
2020-08-31,14.5,19.0,10.6,82,0.1,13.8
2020-09-01,16.1,20.8,12.4,77,0.0,12.5
2020-09-02,16.1,19.5,11.6,82,0.0,17.9
2020-09-03,17.7,18.5,17.1,93,2.0,19.8
2020-09-04,17.1,19.6,15.2,84,0.3,14.3
2020-09-05,15.0,17.2,12.6,79,0.6,19.2
2020-09-06,14.9,17.5,12.4,84,0.5,16.6
2020-09-07,15.3,18.0,12.2,87,0.2,13.0
2020-09-08,16.2,19.1,13.1,87,0.0,10.3
2020-09-09,16.6,20.0,13.6,88,0.0,15.0
2020-09-10,15.8,18.8,12.5,81,0.0,15.2
2020-09-11,13.9,17.2,11.0,82,0.0,13.8
2020-09-12,15.5,18.8,11.1,80,0.0,12.2
2020-09-13,17.2,24.6,13.1,80,0.0,13.0
2020-09-14,19.3,27.6,13.6,72,0.0,12.0
2020-09-15,19.3,22.9,15.6,85,0.3,12.7
2020-09-16,18.1,23.6,14.8,87,0.0,17.5
2020-09-17,19.8,25.1,16.5,79,0.0,26.1
2020-09-18,18.7,23.6,15.4,74,2.5,27.0
2020-09-19,17.6,18.6,15.1,93,2.9,15.1
2020-09-20,17.3,21.5,14.3,90,0.0,12.0
2020-09-21,16.5,20.0,14.1,92,0.1,12.5
2020-09-22,16.8,18.9,15.2,91,1.2,21.4
2020-09-23,14.8,16.4,12.4,84,5.0,25.9
2020-09-24,12.4,14.9,10.7,74,8.3,42.9
2020-09-25,12.3,14.1,10.9,67,1.6,39.3
2020-09-26,11.8,13.4,9.4,70,1.6,21.1
2020-09-27,11.8,14.2,9.6,71,0.0,25.5
2020-09-28,13.8,17.2,8.9,91,0.6,17.4
2020-09-29,14.4,16.9,11.8,88,2.0,13.1
2020-09-30,14.2,15.2,12.9,92,23.6,38.2
2020-10-01,11.8,13.1,10.6,87,28.6,24.0
2020-10-02,11.1,12.9,9.8,86,19.7,49.3
2020-10-03,12.3,13.0,11.4,79,1.6,40.8
2020-10-04,11.9,13.5,10.0,80,4.8,33.3
2020-10-05,13.4,14.8,12.3,81,3.9,32.8
2020-10-06,13.5,14.2,12.9,81,1.3,33.1
2020-10-07,13.7,15.1,12.7,88,2.1,23.2
2020-10-08,15.0,16.5,12.5,94,5.7,31.0
2020-10-09,12.3,14.4,10.1,84,2.3,20.7
2020-10-10,11.5,13.6,9.0,76,0.1,21.2
2020-10-11,11.7,13.4,9.6,80,0.1,23.1
2020-10-12,11.2,13.9,8.0,92,8.0,25.2
2020-10-13,10.7,11.9,9.4,86,3.7,21.4
2020-10-14,10.7,13.8,7.2,84,1.4,18.4
2020-10-15,10.5,12.8,8.9,84,0.2,20.4
2020-10-16,10.0,13.0,7.7,86,0.4,10.2
2020-10-17,10.1,13.5,7.3,81,0.0,17.6
2020-10-18,11.0,14.1,9.1,80,0.0,13.8
2020-10-19,12.5,15.6,9.9,79,0.8,31.9
2020-10-20,15.0,15.9,13.9,85,0.8,31.6
2020-10-21,13.9,14.9,13.0,90,9.3,27.7
2020-10-22,13.5,15.9,12.3,91,2.6,20.2
2020-10-23,12.8,13.8,10.7,90,3.4,21.7
2020-10-24,13.9,15.5,12.4,89,9.2,47.7
2020-10-25,11.3,12.2,9.9,76,6.1,30.2
2020-10-26,10.9,12.0,9.7,82,3.3,31.0
2020-10-27,12.8,14.9,10.9,85,12.5,32.7
2020-10-28,12.2,13.1,11.4,80,4.4,36.9
2020-10-29,13.6,14.9,12.1,89,1.2,29.8
2020-10-30,14.1,14.9,13.5,91,2.4,30.8
2020-10-31,13.7,15.1,11.9,81,11.3,45.3
2020-11-01,15.2,16.1,12.6,94,8.4,42.2
2020-11-02,13.5,16.2,10.6,78,2.9,45.8
2020-11-03,9.8,11.5,8.6,70,4.7,40.6
2020-11-04,8.5,11.2,4.5,85,0.6,18.1
2020-11-05,8.5,11.6,6.7,78,0.0,23.2
2020-11-06,10.5,15.2,6.7,79,0.0,20.4
2020-11-07,14.3,15.8,13.2,87,4.7,26.5
2020-11-08,14.3,16.9,12.9,91,0.1,26.1
2020-11-09,13.0,13.6,12.1,92,4.8,24.0
2020-11-10,12.2,13.7,11.3,91,0.4,14.8
2020-11-11,13.3,14.4,11.7,88,6.6,41.9
2020-11-12,12.2,13.4,10.8,78,0.4,26.9
2020-11-13,12.7,14.1,11.4,87,5.7,26.0
2020-11-14,14.3,15.2,13.9,91,25.4,42.5
2020-11-15,12.5,14.1,10.8,79,14.6,47.8
2020-11-16,12.2,13.0,11.3,78,0.3,31.6
2020-11-17,13.1,14.0,12.2,89,0.3,29.4
2020-11-18,12.9,15.0,10.5,88,4.3,28.8
2020-11-19,10.5,11.6,8.6,69,0.0,24.1
2020-11-20,10.3,11.8,7.3,82,0.5,16.5
2020-11-21,11.8,12.8,10.8,80,0.0,20.6
2020-11-22,11.6,12.6,10.9,89,0.3,15.0
2020-11-23,11.5,12.9,10.1,92,0.3,15.3
2020-11-24,11.9,13.4,10.6,91,2.2,30.6
2020-11-25,10.7,12.9,9.4,90,13.5,30.3
2020-11-26,10.5,12.9,9.4,92,1.3,20.6
2020-11-27,10.0,11.7,8.4,95,1.5,11.0
2020-11-28,11.9,15.1,10.1,88,0.6,17.4
2020-11-29,10.3,14.1,7.8,79,0.0,16.1
2020-11-30,8.8,12.5,4.4,89,0.0,13.8
2020-12-01,9.9,10.9,7.6,83,1.9,18.9
2020-12-02,9.5,11.7,7.7,83,0.5,20.2
2020-12-03,7.9,9.1,5.6,85,15.8,27.9
2020-12-04,5.0,6.9,3.8,82,3.3,29.6
2020-12-05,7.3,8.8,4.8,82,4.2,33.1
2020-12-06,6.9,8.9,4.8,73,0.0,26.0
2020-12-07,5.4,6.2,3.8,89,11.4,26.7
2020-12-08,6.3,8.1,4.2,80,0.6,17.4
2020-12-09,8.4,10.9,6.2,80,19.8,31.1
2020-12-10,10.4,12.6,9.1,85,11.5,28.5
2020-12-11,10.8,12.2,9.5,88,12.4,34.6
2020-12-12,8.9,10.0,7.2,75,0.2,33.0
2020-12-13,11.7,13.1,8.9,90,13.9,36.8
2020-12-14,10.9,12.1,9.4,84,6.5,38.0
2020-12-15,10.1,11.2,8.8,79,4.0,35.6
2020-12-16,10.5,11.4,8.9,83,16.1,44.8
2020-12-17,10.8,12.1,9.6,84,1.2,33.0
2020-12-18,12.4,13.1,11.8,90,18.8,43.5
2020-12-19,10.8,12.0,9.4,81,7.9,40.1
2020-12-20,10.0,11.2,8.9,79,5.1,23.8
2020-12-21,13.1,13.9,11.1,93,13.8,41.4
2020-12-22,12.8,13.3,12.1,95,20.4,35.6
2020-12-23,10.7,12.9,8.2,89,15.1,49.6
2020-12-24,7.7,9.4,5.6,78,2.6,31.3
2020-12-25,5.7,7.7,3.5,74,0.0,18.0
2020-12-26,8.6,10.4,6.5,80,0.2,36.7
2020-12-27,8.3,10.8,5.1,83,21.3,58.3
2020-12-28,6.8,8.6,4.8,79,6.2,42.8
2020-12-29,6.0,7.9,5.2,84,2.4,28.0
2020-12-30,7.0,8.7,5.8,84,4.4,22.3
2020-12-31,4.8,6.8,2.5,87,2.0,17.2
2021-01-01,2.4,4.9,0.5,92,2.4,13.0
2021-01-02,4.6,7.2,1.5,87,2.4,20.0
2021-01-03,3.4,4.8,1.9,88,3.9,24.3
2021-01-04,3.4,6.0,1.2,92,1.7,23.7
2021-01-05,3.8,5.1,3.0,92,2.5,20.8
2021-01-06,2.5,5.4,0.4,96,0.3,9.5
2021-01-07,2.3,5.2,0.3,96,0.0,9.4
2021-01-08,2.7,4.8,0.2,94,1.1,9.3
2021-01-09,1.9,5.2,-0.7,87,0.0,16.4
2021-01-10,3.0,6.8,0.6,83,0.0,15.6
2021-01-11,6.8,9.0,3.9,80,0.0,20.6
2021-01-12,10.0,11.2,8.3,86,0.6,28.9
2021-01-13,9.9,10.6,9.2,90,0.5,24.7
2021-01-14,9.7,10.9,7.7,90,2.5,28.6
2021-01-15,7.9,10.1,6.1,82,0.0,16.7
2021-01-16,9.3,11.4,7.4,90,10.4,27.2
2021-01-17,7.6,9.8,6.3,75,0.0,13.0
2021-01-18,8.6,10.6,6.5,83,5.8,29.3
2021-01-19,10.5,10.8,9.9,92,10.9,37.7
2021-01-20,10.3,11.6,7.9,89,12.2,40.8
2021-01-21,7.3,8.4,5.7,81,8.3,27.4
2021-01-22,6.2,8.4,4.0,79,2.5,24.6
2021-01-23,6.0,7.7,3.6,81,5.2,31.4
2021-01-24,5.9,7.1,4.3,75,4.3,32.4
2021-01-25,4.6,7.3,1.6,74,0.0,24.9
2021-01-26,8.5,10.9,4.8,84,9.7,28.9
2021-01-27,10.9,11.8,10.2,98,4.3,25.3
2021-01-28,11.8,12.4,11.3,94,13.1,34.9
2021-01-29,10.7,11.4,10.1,86,8.6,40.4
2021-01-30,10.7,11.8,9.8,92,22.4,42.9
2021-01-31,9.8,12.2,8.1,95,10.6,31.5
2021-02-01,10.7,11.8,10.1,93,14.0,28.7
2021-02-02,11.7,12.5,10.4,90,7.6,40.0
2021-02-03,9.3,10.9,7.8,85,10.7,37.0
2021-02-04,9.2,11.0,7.8,91,6.9,28.6
2021-02-05,7.8,10.1,5.0,87,0.2,17.6
2021-02-06,6.5,9.2,3.4,82,0.0,14.7
2021-02-07,5.4,7.2,2.4,82,0.2,20.6
2021-02-08,3.6,4.2,2.9,69,0.0,23.4
2021-02-09,1.7,3.0,0.9,87,10.0,32.0
2021-02-10,1.6,3.4,0.6,78,0.7,28.4
2021-02-11,-0.3,1.6,-1.6,74,4.9,25.3
2021-02-12,2.1,3.7,1.1,84,1.3,22.7
2021-02-13,3.3,6.1,1.4,80,2.3,29.3
2021-02-14,9.3,11.7,6.6,90,7.5,37.5
2021-02-15,11.3,12.2,10.1,90,6.7,32.9
2021-02-16,10.8,12.6,9.9,85,10.4,35.9
2021-02-17,10.6,11.4,10.0,84,3.7,38.7
2021-02-18,9.2,11.4,7.4,77,4.3,45.1
2021-02-19,10.7,12.4,8.4,78,1.5,41.1
2021-02-20,11.8,13.4,10.7,83,10.4,44.6
2021-02-21,10.0,11.1,9.1,92,15.8,22.3
2021-02-22,8.5,11.1,5.0,88,2.8,19.4
2021-02-23,10.9,12.4,8.6,76,0.0,35.7
2021-02-24,12.8,14.1,11.2,73,1.0,36.3
2021-02-25,9.4,11.2,5.7,85,0.3,16.5
2021-02-26,6.7,10.6,3.8,82,0.0,15.0
2021-02-27,6.7,11.7,3.5,79,0.0,21.6
2021-02-28,7.1,11.6,4.3,81,0.0,23.8
2021-03-01,8.7,15.6,4.0,77,0.0,14.6
2021-03-02,10.0,14.1,7.3,84,0.5,16.6
2021-03-03,10.0,11.9,8.4,92,3.1,18.8
2021-03-04,8.8,11.4,6.8,90,0.8,14.3
2021-03-05,6.7,7.8,4.9,76,0.0,21.5
2021-03-06,5.1,7.8,2.7,64,0.0,20.5
2021-03-07,4.7,7.2,2.2,75,0.0,23.5
2021-03-08,4.6,6.4,2.7,70,0.0,12.2
2021-03-09,5.6,7.9,2.1,75,0.0,18.7
2021-03-10,9.3,11.3,6.2,86,13.6,36.0
2021-03-11,9.8,11.6,8.4,74,3.2,42.6
2021-03-12,8.9,10.1,8.1,78,5.5,38.8
2021-03-13,7.9,9.8,6.3,73,5.7,52.6
2021-03-14,8.4,10.6,6.6,69,0.1,26.2
2021-03-15,10.1,11.9,8.9,86,0.0,25.0
2021-03-16,10.6,12.2,9.7,91,0.3,21.2
2021-03-17,9.6,14.7,7.1,83,0.0,16.4
2021-03-18,7.8,11.4,3.3,81,0.0,19.3
2021-03-19,8.7,10.4,5.6,81,0.0,29.5
2021-03-20,7.0,10.4,3.5,78,0.0,20.4
2021-03-21,8.8,11.4,6.3,83,0.1,17.2
2021-03-22,7.9,11.2,5.1,85,0.0,11.8
2021-03-23,7.5,10.5,4.1,84,0.0,17.7
2021-03-24,9.4,11.5,6.8,89,2.6,18.5
2021-03-25,9.3,11.4,6.4,88,3.0,27.6
2021-03-26,8.9,10.0,7.2,80,6.7,35.4
2021-03-27,9.2,11.1,7.2,70,0.5,25.0
2021-03-28,10.1,12.1,8.9,77,0.0,26.8
2021-03-29,11.9,18.8,6.4,77,0.0,16.0
2021-03-30,14.0,18.8,11.2,67,0.0,18.9
2021-03-31,13.4,19.0,9.2,78,0.0,10.5
2021-04-01,16.4,24.5,10.9,64,0.0,21.8
2021-04-02,10.4,13.4,6.8,78,0.0,30.0
2021-04-03,7.7,11.1,5.6,73,0.0,28.7
2021-04-04,7.5,12.0,4.3,76,0.0,19.5
2021-04-05,8.0,10.6,5.2,76,0.1,24.9
2021-04-06,6.0,7.2,4.2,61,0.0,23.5
2021-04-07,5.9,8.4,1.5,67,0.1,18.7
2021-04-08,6.7,10.9,2.8,74,0.0,11.6
2021-04-09,7.1,11.2,2.8,82,4.0,13.1
2021-04-10,7.6,9.8,6.2,82,4.8,21.3
2021-04-11,6.3,8.9,4.0,71,0.6,20.2
2021-04-12,6.3,10.3,1.7,66,0.0,11.2
2021-04-13,7.7,13.6,3.3,70,0.0,20.3
2021-04-14,7.8,12.8,3.3,60,0.0,22.9
2021-04-15,7.2,11.2,3.8,65,0.0,22.7
2021-04-16,7.0,11.3,3.0,70,0.0,19.4
2021-04-17,7.5,12.9,3.0,73,0.0,20.0
2021-04-18,7.6,12.6,1.9,72,0.0,14.0
2021-04-19,9.5,12.7,6.9,69,0.0,11.4
2021-04-20,11.2,16.4,7.5,69,0.1,18.0
2021-04-21,12.3,17.5,7.3,67,0.3,19.5
2021-04-22,13.1,18.8,7.7,71,0.0,21.4
2021-04-23,15.2,20.6,10.0,54,0.0,22.5
2021-04-24,16.0,21.9,11.6,47,0.0,23.5
2021-04-25,12.4,17.1,8.6,63,0.0,31.0
2021-04-26,9.9,14.3,7.1,72,0.0,31.8
2021-04-27,10.0,15.1,6.1,71,0.0,20.7
2021-04-28,9.6,12.4,6.9,76,0.2,18.7
2021-04-29,9.4,12.9,6.4,71,0.2,15.5
2021-04-30,8.4,11.6,4.8,70,0.4,14.8
2021-05-01,8.2,12.1,4.0,73,0.3,17.6
2021-05-02,8.3,12.1,4.0,71,0.3,13.0
2021-05-03,9.7,12.2,4.5,73,1.1,40.4
2021-05-04,10.7,12.6,8.5,79,2.2,37.6
2021-05-05,9.3,11.1,8.0,64,0.3,21.5
2021-05-06,10.1,12.6,6.4,84,6.1,39.3
2021-05-07,8.5,11.8,3.5,80,3.2,22.3
2021-05-08,13.4,14.5,11.9,89,5.7,39.3
2021-05-09,12.8,14.4,11.1,85,2.0,31.7
2021-05-10,11.1,12.7,9.8,81,3.8,31.9
2021-05-11,10.3,12.4,9.0,77,8.4,37.0
2021-05-12,9.6,10.8,7.3,86,23.8,29.5
2021-05-13,11.0,13.6,9.1,80,1.4,18.4
2021-05-14,11.0,13.9,9.3,83,3.7,25.3
2021-05-15,11.7,13.2,10.4,85,7.3,31.7
2021-05-16,11.4,12.9,10.6,84,4.9,38.4
2021-05-17,11.4,13.4,10.1,84,2.4,32.8
2021-05-18,11.5,13.8,9.6,83,3.0,26.9
2021-05-19,11.4,13.6,9.4,78,0.2,19.4
2021-05-20,12.2,14.1,10.4,82,1.8,40.6
2021-05-21,11.5,12.9,9.9,75,5.2,40.2
2021-05-22,10.6,12.8,9.2,80,2.0,28.9
2021-05-23,10.7,12.3,9.4,79,13.6,47.0
2021-05-24,10.6,12.2,9.2,76,7.2,38.0
2021-05-25,11.4,13.2,9.9,81,3.9,31.4
2021-05-26,12.4,14.1,11.6,92,4.7,26.7
2021-05-27,12.2,15.1,8.7,86,0.0,12.3
2021-05-28,15.6,19.8,10.7,77,0.0,11.3
2021-05-29,15.4,19.1,13.2,83,1.1,13.4
2021-05-30,16.2,21.4,11.3,75,0.0,16.8
2021-05-31,17.1,22.6,10.7,70,0.0,14.8
2021-06-01,18.7,25.6,14.1,68,0.0,17.2
2021-06-02,16.0,17.4,13.4,90,1.5,17.0
2021-06-03,13.8,15.7,11.6,78,0.0,11.2
2021-06-04,13.0,16.1,9.1,81,0.0,15.0
2021-06-05,14.1,16.5,11.0,85,0.0,18.1
2021-06-06,15.1,17.1,12.9,89,0.9,12.2
2021-06-07,14.4,17.8,11.4,86,0.0,10.7
2021-06-08,15.1,19.5,11.6,81,0.0,12.4
2021-06-09,14.9,18.0,10.9,90,0.0,15.1
2021-06-10,16.2,18.7,13.6,89,0.0,13.0
2021-06-11,15.8,19.2,12.6,89,0.0,15.6
2021-06-12,16.4,20.1,13.8,81,0.0,14.7
2021-06-13,18.6,24.7,13.0,75,0.0,15.5
2021-06-14,17.9,23.0,13.6,78,0.0,17.4
2021-06-15,17.2,21.6,14.6,81,0.0,14.8
2021-06-16,16.8,21.5,13.2,85,0.7,16.3
2021-06-17,15.7,18.0,13.6,80,3.6,23.3
2021-06-18,15.9,18.0,13.9,78,0.0,25.0
2021-06-19,15.3,18.2,13.1,89,9.4,23.7
2021-06-20,15.0,17.9,13.5,89,11.4,19.5
2021-06-21,14.8,18.0,13.2,90,16.8,26.9
2021-06-22,13.9,16.0,12.6,77,0.7,30.1
2021-06-23,14.9,17.9,12.1,71,0.0,22.9
2021-06-24,14.1,16.8,10.4,88,0.0,14.5
2021-06-25,14.5,15.8,13.0,94,4.9,18.4
2021-06-26,12.7,16.0,9.1,82,1.5,19.1
2021-06-27,14.1,17.4,11.6,91,14.1,13.2
2021-06-28,14.4,17.0,12.0,86,2.0,15.5
2021-06-29,15.7,18.8,12.9,88,1.9,18.0
2021-06-30,16.0,18.6,12.9,88,0.9,11.2
2021-07-01,16.0,19.5,13.5,85,0.0,13.8
2021-07-02,15.5,18.5,12.9,89,0.3,17.5
2021-07-03,16.7,18.2,15.6,92,6.8,24.4
2021-07-04,15.7,17.0,14.7,89,13.6,25.6
2021-07-05,15.0,16.8,13.6,87,12.7,43.6
2021-07-06,14.6,16.1,13.4,81,2.8,57.8
2021-07-07,14.9,16.7,13.8,88,4.2,21.2
2021-07-08,14.9,16.5,13.4,88,0.5,17.8
2021-07-09,15.0,16.4,13.4,87,2.4,20.5
2021-07-10,15.7,18.0,14.1,90,16.2,19.6
2021-07-11,15.2,17.5,13.6,91,5.8,28.4
2021-07-12,14.8,17.1,12.6,88,0.6,20.3
2021-07-13,16.3,19.5,14.2,88,2.4,22.7
2021-07-14,16.5,19.0,15.0,83,0.2,15.4
2021-07-15,17.8,22.4,13.6,84,0.0,15.5
2021-07-16,18.1,22.4,14.4,81,0.0,23.0
2021-07-17,18.8,24.0,14.4,74,0.0,21.5
2021-07-18,21.2,27.5,16.1,77,0.0,16.6
2021-07-19,23.1,29.6,17.6,71,0.0,16.8
2021-07-20,23.8,29.5,19.5,68,0.0,18.4
2021-07-21,24.0,29.0,20.0,73,0.0,13.6
2021-07-22,24.8,29.2,20.6,65,0.0,19.1
2021-07-23,20.6,23.1,17.5,79,31.0,20.9
2021-07-24,17.6,20.5,16.3,90,4.5,28.8
2021-07-25,17.8,20.5,15.4,89,2.2,17.3
2021-07-26,17.6,20.0,15.9,89,0.6,18.5
2021-07-27,16.9,19.1,15.6,85,3.6,23.6
2021-07-28,16.2,17.9,14.9,82,1.9,27.9
2021-07-29,16.3,18.0,14.8,82,3.7,32.2
2021-07-30,16.3,18.2,14.7,79,2.0,35.0
2021-07-31,15.6,17.2,14.3,84,1.3,19.1
2021-08-01,16.0,18.0,14.2,85,0.8,14.3
2021-08-02,15.5,18.0,13.6,81,0.3,17.5
2021-08-03,15.0,16.1,12.6,88,6.6,15.0
2021-08-04,16.6,19.5,14.8,86,1.5,15.0
2021-08-05,16.4,17.9,15.2,91,11.2,35.6
2021-08-06,16.0,17.5,15.3,85,4.0,37.6
2021-08-07,15.4,17.2,14.1,85,10.2,29.2
2021-08-08,15.2,16.6,13.8,85,3.2,24.1
2021-08-09,16.4,18.1,15.1,89,5.6,23.2
2021-08-10,16.3,18.1,13.4,85,0.9,19.9
2021-08-11,15.6,18.2,12.8,89,0.0,17.3
2021-08-12,17.0,19.5,13.9,88,0.0,17.4
2021-08-13,16.4,18.9,13.9,88,0.0,13.2
2021-08-14,16.9,20.1,14.0,90,0.0,14.3
2021-08-15,16.8,17.6,15.9,88,2.0,30.7
2021-08-16,16.2,17.8,14.4,82,0.5,21.0
2021-08-17,15.6,17.2,14.6,81,0.3,17.4
2021-08-18,15.4,17.6,13.3,84,0.5,15.8
2021-08-19,16.4,18.2,13.6,92,2.8,19.4
2021-08-20,17.1,18.5,14.9,94,2.0,17.4
2021-08-21,17.2,19.5,15.2,90,1.4,22.3
2021-08-22,17.2,19.6,15.1,84,0.2,14.5
2021-08-23,17.2,22.9,13.6,85,0.1,20.6
2021-08-24,17.1,20.5,14.4,81,0.0,23.5
2021-08-25,17.7,22.2,14.4,78,0.0,23.8
2021-08-26,17.2,21.5,14.1,81,0.0,20.7
2021-08-27,15.8,19.2,12.9,79,0.0,20.2
2021-08-28,16.3,20.9,13.5,81,0.0,22.7
2021-08-29,16.3,20.0,13.6,79,0.0,21.4
2021-08-30,16.1,19.1,13.1,84,0.1,24.7
2021-08-31,16.9,19.0,15.2,82,0.0,22.8
2021-09-01,17.1,20.8,14.6,80,0.0,28.2
2021-09-02,17.3,21.8,14.5,79,0.0,25.1
2021-09-03,18.7,25.0,14.8,82,0.0,17.7
2021-09-04,18.9,22.6,16.1,86,0.1,12.2
2021-09-05,17.9,22.7,14.4,90,0.0,12.7
2021-09-06,21.8,28.6,16.0,78,0.0,15.6
2021-09-07,23.5,28.6,20.0,63,0.0,21.7
2021-09-08,18.6,20.8,17.0,92,4.5,20.3
2021-09-09,18.2,20.0,17.2,94,9.4,24.4
2021-09-10,17.1,18.9,15.1,88,1.2,19.9
2021-09-11,16.4,19.0,14.0,88,0.0,15.0
2021-09-12,17.2,20.7,13.4,86,0.4,9.4
2021-09-13,17.9,21.1,16.0,82,1.4,12.0
2021-09-14,18.2,20.5,15.8,90,1.4,17.6
2021-09-15,16.9,20.4,14.7,88,0.8,16.1
2021-09-16,16.2,19.2,13.2,88,0.6,13.3
2021-09-17,16.4,18.6,13.9,91,13.1,24.0
2021-09-18,16.1,19.4,14.7,92,15.8,20.7
2021-09-19,15.3,17.5,12.2,81,0.3,19.1
2021-09-20,15.0,18.1,13.1,81,0.1,18.1
2021-09-21,15.3,20.6,12.2,87,0.0,16.4
2021-09-22,15.7,20.1,13.2,86,0.0,14.5
2021-09-23,15.1,18.2,12.2,87,0.0,12.0
2021-09-24,15.9,18.2,12.4,89,0.1,11.1
2021-09-25,15.2,20.8,10.8,88,0.5,8.7
2021-09-26,17.0,19.1,15.3,91,1.1,32.2
2021-09-27,15.9,17.8,13.9,71,6.9,45.7
2021-09-28,15.2,16.1,13.6,80,10.6,35.7
2021-09-29,13.4,15.5,12.1,72,2.6,20.2
2021-09-30,15.2,16.9,13.0,76,1.2,32.1
2021-10-01,15.3,16.5,11.6,86,11.6,34.5
2021-10-02,15.0,17.6,12.9,87,24.7,46.8
2021-10-03,13.4,15.8,11.2,77,7.0,28.5
2021-10-04,14.4,15.9,12.4,81,2.1,30.9
2021-10-05,13.8,15.4,12.6,74,8.3,33.8
2021-10-06,14.5,16.2,12.8,76,0.4,19.0
2021-10-07,15.5,17.4,12.6,91,0.2,16.3
2021-10-08,15.5,19.3,13.1,84,0.0,14.5
2021-10-09,14.1,18.8,9.9,86,0.0,12.9
2021-10-10,14.8,18.0,12.9,88,0.1,20.5
2021-10-11,13.9,17.8,11.2,86,0.0,15.5
2021-10-12,11.9,15.9,7.8,89,0.0,13.9
2021-10-13,12.8,17.6,8.4,88,0.0,10.5
2021-10-14,13.2,16.7,10.8,85,0.0,9.4
2021-10-15,12.8,17.2,9.8,88,0.0,13.2
2021-10-16,12.9,17.0,10.2,88,0.0,15.4
2021-10-17,14.1,17.2,11.6,88,0.0,16.3
2021-10-18,16.5,17.2,14.9,96,33.5,33.9
2021-10-19,16.9,17.6,16.1,91,6.3,32.4
2021-10-20,15.1,16.8,11.7,88,31.7,48.3
2021-10-21,12.3,14.3,9.9,75,3.7,38.4
2021-10-22,11.1,14.1,6.8,70,0.0,12.8
2021-10-23,11.2,13.9,8.1,77,0.3,25.2
2021-10-24,14.0,15.4,12.5,86,6.4,26.1
2021-10-25,13.5,15.1,12.8,86,1.6,16.1
2021-10-26,14.7,15.9,13.4,89,0.7,24.0
2021-10-27,14.7,16.0,14.0,88,0.4,29.7
2021-10-28,15.0,16.3,14.1,91,10.5,37.1
2021-10-29,13.5,14.6,12.4,77,9.1,48.5
2021-10-30,12.9,14.2,11.0,76,16.4,32.4
2021-10-31,13.0,14.7,10.5,77,17.7,44.0
2021-11-01,10.4,12.1,9.4,82,16.3,27.6
2021-11-02,9.0,11.1,7.2,87,4.7,15.3
2021-11-03,8.9,11.4,6.8,84,1.6,24.9
2021-11-04,9.0,11.5,7.0,79,0.2,20.9
2021-11-05,9.5,11.6,8.4,82,0.2,12.8
2021-11-06,10.5,12.6,6.8,79,0.1,20.6
2021-11-07,12.1,13.3,9.1,87,1.1,19.6
2021-11-08,12.1,14.3,10.6,94,0.8,8.2
2021-11-09,12.0,13.7,10.1,94,0.7,9.9
2021-11-10,11.4,12.4,9.9,92,1.6,11.2
2021-11-11,9.7,12.1,6.7,91,0.0,12.2
2021-11-12,13.0,14.1,11.2,90,1.9,24.8
2021-11-13,12.1,12.9,11.2,86,0.0,15.6
2021-11-14,11.3,13.5,9.1,84,0.0,15.4
2021-11-15,10.7,13.5,8.6,88,0.1,14.8
2021-11-16,10.2,12.9,7.3,93,0.8,15.0
2021-11-17,10.8,12.9,8.8,88,0.0,13.4
2021-11-18,10.1,12.1,8.0,84,0.0,8.0
2021-11-19,8.5,11.7,5.3,91,0.0,13.2
2021-11-20,7.3,10.6,4.2,93,0.0,10.1
2021-11-21,9.1,10.6,6.8,80,0.6,27.7
2021-11-22,8.0,9.7,6.2,74,0.3,27.5
2021-11-23,9.0,11.4,7.7,73,0.0,32.6
2021-11-24,9.0,10.7,6.2,87,0.1,19.4
2021-11-25,7.4,9.6,5.3,79,0.3,24.2
2021-11-26,8.5,10.7,6.3,75,2.2,30.3
2021-11-27,6.6,7.6,4.9,63,2.2,43.6
2021-11-28,6.0,7.7,4.6,83,3.3,25.6
2021-11-29,7.3,9.5,3.6,80,0.1,14.4
2021-11-30,10.3,11.8,8.6,85,0.2,31.5
2021-12-01,9.6,11.6,6.3,79,5.0,37.8
2021-12-02,7.7,9.1,6.1,73,0.6,26.3
2021-12-03,11.4,12.9,7.7,89,15.3,40.8
2021-12-04,9.1,12.8,6.8,78,3.0,32.8
2021-12-05,8.0,9.4,5.8,65,1.3,32.9
2021-12-06,9.2,11.2,7.2,79,3.1,31.8
2021-12-07,9.2,11.7,6.6,77,11.6,44.3
2021-12-08,6.6,7.8,4.3,70,6.5,33.5
2021-12-09,9.2,12.5,6.8,86,7.0,36.9
2021-12-10,8.7,9.9,6.8,68,0.6,35.2
2021-12-11,10.6,12.2,8.6,87,1.5,19.1
2021-12-12,11.7,12.4,11.1,91,1.5,25.9
2021-12-13,10.8,11.8,10.0,92,1.0,25.1
2021-12-14,9.4,10.9,7.9,97,0.0,13.9
2021-12-15,8.1,10.2,6.3,97,0.0,7.9
2021-12-16,6.7,11.3,3.6,93,0.0,13.1
2021-12-17,7.4,10.8,5.4,90,0.0,24.6
2021-12-18,6.8,10.9,5.0,83,0.0,16.6
2021-12-19,6.8,10.1,5.5,86,0.0,17.2
2021-12-20,5.9,6.8,4.9,89,0.1,16.3
2021-12-21,3.9,7.1,1.5,88,0.0,16.2
2021-12-22,6.0,7.7,4.1,76,0.0,19.4
2021-12-23,10.3,12.2,7.5,94,1.3,28.3
2021-12-24,10.6,11.4,9.8,92,3.0,29.3
2021-12-25,10.4,11.7,9.8,93,12.7,21.8
2021-12-26,10.1,12.0,7.7,94,2.7,18.7
2021-12-27,11.5,12.6,9.2,89,14.4,37.0
2021-12-28,11.7,13.1,10.9,87,3.1,39.1
2021-12-29,13.6,14.1,12.6,94,11.8,41.1
2021-12-30,12.6,13.5,11.4,92,1.5,33.8
2021-12-31,12.6,13.8,11.5,91,1.9,30.6
2022-01-01,13.2,14.4,12.3,85,1.5,31.9
2022-01-02,12.1,12.8,11.1,89,3.0,37.9
2022-01-03,11.0,11.6,9.5,92,16.6,29.5
2022-01-04,7.9,9.6,5.4,84,3.7,23.2
2022-01-05,5.9,8.1,3.5,71,0.0,12.6
2022-01-06,7.8,9.7,4.2,73,3.9,31.7
2022-01-07,8.9,10.1,7.4,72,2.9,39.6
2022-01-08,9.6,11.0,7.5,80,17.0,49.5
2022-01-09,9.1,12.1,7.3,83,10.6,33.2
2022-01-10,11.4,12.1,10.8,94,0.3,28.0
2022-01-11,10.1,12.4,7.2,96,0.2,7.5
2022-01-12,9.8,11.9,8.6,95,0.2,15.3
2022-01-13,7.5,9.1,4.7,90,0.0,11.5
2022-01-14,4.3,5.8,2.3,89,0.0,11.2
2022-01-15,6.8,9.6,4.8,90,0.1,20.2
2022-01-16,9.4,11.6,6.9,87,4.4,16.4
2022-01-17,7.2,10.2,5.0,94,2.3,8.0
2022-01-18,5.5,6.5,4.3,90,0.7,11.4
2022-01-19,8.0,11.3,5.6,91,0.5,19.4
2022-01-20,7.5,8.7,6.0,71,0.0,20.6
2022-01-21,4.9,7.6,2.5,77,0.0,14.8
2022-01-22,4.1,8.4,0.1,89,0.0,10.8
2022-01-23,4.7,9.2,2.5,90,0.0,12.1
2022-01-24,2.5,3.8,0.4,93,0.0,11.4
2022-01-25,4.2,7.3,1.2,94,0.0,9.1
2022-01-26,3.4,5.9,1.5,94,0.0,10.6
2022-01-27,7.5,10.6,2.0,89,0.7,16.7
2022-01-28,9.5,10.6,8.4,97,0.1,14.0
2022-01-29,9.0,10.6,7.5,91,0.1,15.7
2022-01-30,9.5,10.4,8.6,91,0.0,15.7
2022-01-31,9.1,9.9,8.6,76,0.1,26.5
2022-02-01,10.0,10.9,8.9,83,0.0,25.3
2022-02-02,9.2,10.1,8.3,88,0.1,17.3
2022-02-03,9.2,10.5,8.0,90,1.2,14.6
2022-02-04,9.1,10.4,8.1,74,0.7,26.9
2022-02-05,8.5,10.6,6.3,74,0.2,23.4
2022-02-06,10.6,11.4,9.7,87,2.5,39.4
2022-02-07,10.5,11.9,9.4,91,3.2,29.6
2022-02-08,9.7,11.0,8.5,96,0.5,17.2
2022-02-09,8.4,9.6,6.2,92,0.2,10.6
2022-02-10,7.7,8.9,3.6,87,4.4,20.4
2022-02-11,5.9,8.7,2.7,80,0.0,10.1
2022-02-12,6.8,9.3,4.2,82,0.0,24.1
2022-02-13,9.7,10.9,8.6,86,28.7,45.5
2022-02-14,8.2,9.6,7.2,77,2.4,27.6
2022-02-15,9.7,11.4,8.0,85,9.1,34.3
2022-02-16,12.3,13.0,11.6,91,3.3,37.0
2022-02-17,11.0,12.6,10.1,87,1.6,33.2
2022-02-18,9.3,11.6,6.6,75,3.3,47.2
2022-02-19,8.5,10.6,6.4,71,0.9,39.5
2022-02-20,10.8,11.9,8.9,88,3.4,42.4
2022-02-21,9.8,10.9,8.9,65,0.0,41.5
2022-02-22,10.5,12.6,8.6,87,0.8,27.7
2022-02-23,8.3,10.1,5.5,79,0.2,18.8
2022-02-24,8.2,9.4,6.7,70,0.5,34.5
2022-02-25,8.0,10.5,4.6,71,0.0,20.5
2022-02-26,7.1,10.4,4.8,74,0.0,30.3
2022-02-27,8.3,12.4,5.8,80,0.6,23.8
2022-02-28,10.2,11.9,7.9,90,8.5,27.7
2022-03-01,10.8,12.0,10.1,95,10.9,20.0
2022-03-02,10.2,11.6,9.3,93,4.7,23.9
2022-03-03,9.5,10.6,7.8,87,4.2,26.0
2022-03-04,7.5,9.4,5.2,75,0.7,19.3
2022-03-05,6.2,8.9,4.2,74,0.8,25.6
2022-03-06,6.1,8.1,4.4,77,0.4,28.0
2022-03-07,5.0,7.7,3.0,66,0.0,19.4
2022-03-08,7.7,11.3,4.1,80,2.1,25.8
2022-03-09,9.7,10.8,7.9,82,1.9,38.7
2022-03-10,8.8,10.4,6.8,74,0.3,34.2
2022-03-11,9.6,11.1,7.7,85,19.6,35.2
2022-03-12,8.9,11.2,7.4,77,6.7,47.3
2022-03-13,8.9,10.5,6.8,75,4.5,29.8
2022-03-14,9.0,13.8,5.4,83,0.4,14.1
2022-03-15,9.7,15.1,4.6,82,0.0,12.0
2022-03-16,9.0,10.9,6.8,88,0.3,24.7
2022-03-17,7.8,12.4,3.3,78,0.0,17.4
2022-03-18,9.1,14.2,5.4,74,0.0,28.0
2022-03-19,10.7,14.8,7.4,62,0.0,25.6
2022-03-20,11.6,16.8,8.6,79,0.0,15.5
2022-03-21,11.9,16.2,8.4,78,0.0,23.3
2022-03-22,11.9,14.2,9.7,72,0.4,24.2
2022-03-23,11.8,17.2,8.9,70,0.0,17.3
2022-03-24,10.6,17.0,5.9,73,0.0,18.4
2022-03-25,11.8,18.0,7.3,67,0.0,22.8
2022-03-26,12.8,18.3,8.5,65,0.0,22.5
2022-03-27,12.9,19.2,7.6,66,0.0,18.3
2022-03-28,12.4,17.0,7.7,74,0.0,14.5
2022-03-29,10.7,14.8,6.7,88,1.0,19.2
2022-03-30,10.2,12.9,8.3,84,0.2,17.8
2022-03-31,7.0,8.9,5.4,73,4.4,34.5
2022-04-01,5.9,7.7,4.2,58,1.7,27.6
2022-04-02,5.8,8.9,2.6,72,1.0,13.6
2022-04-03,5.0,9.1,1.0,74,0.8,16.1
2022-04-04,7.4,10.4,2.3,81,2.0,21.6
2022-04-05,10.4,12.3,9.1,87,0.3,19.7
2022-04-06,10.5,12.1,9.4,85,2.8,36.4
2022-04-07,10.9,12.0,9.2,82,5.8,42.9
2022-04-08,9.0,11.9,7.0,85,26.9,43.0
2022-04-09,7.6,11.0,3.2,67,0.0,14.4
2022-04-10,8.5,12.2,4.6,72,0.0,25.7
2022-04-11,13.0,15.9,10.4,69,1.5,28.1
2022-04-12,12.1,13.8,10.6,88,3.9,25.9
2022-04-13,11.9,14.5,9.9,90,0.5,15.3
2022-04-14,11.7,16.8,7.2,89,0.0,16.2
2022-04-15,11.5,16.8,8.4,90,0.0,11.6
2022-04-16,14.4,20.9,8.6,79,0.0,14.3
2022-04-17,12.3,15.6,9.4,85,0.0,14.1
2022-04-18,10.6,12.9,8.1,80,0.4,15.9
2022-04-19,9.5,11.9,6.9,74,1.2,19.4
2022-04-20,10.4,13.9,8.1,81,0.2,19.4
2022-04-21,10.4,16.5,6.2,86,0.6,17.8
2022-04-22,12.5,17.0,8.8,80,9.3,20.9
2022-04-23,12.1,15.2,9.6,83,0.0,23.3
2022-04-24,12.3,15.3,9.9,85,1.0,18.7
2022-04-25,12.6,16.8,9.9,76,2.1,15.0
2022-04-26,11.9,17.8,7.3,68,0.0,20.4
2022-04-27,11.5,14.6,8.8,73,0.0,26.7
2022-04-28,12.6,17.9,9.0,79,0.0,20.1
2022-04-29,11.9,16.5,8.2,79,0.0,20.1
2022-04-30,10.5,13.3,7.5,76,0.0,19.7
2022-05-01,11.3,16.3,8.0,83,1.2,14.4
2022-05-02,11.3,14.0,9.4,82,1.4,18.1
2022-05-03,11.6,15.8,8.0,80,0.4,15.0
2022-05-04,12.1,16.1,8.8,84,0.0,16.2
2022-05-05,12.8,16.5,10.2,84,0.2,14.3
2022-05-06,12.0,16.1,9.1,85,0.0,15.2
2022-05-07,13.5,18.2,10.4,82,0.2,16.9
2022-05-08,14.7,20.4,10.0,79,0.0,13.4
2022-05-09,14.9,20.0,10.7,83,0.0,20.1
2022-05-10,13.9,16.4,11.9,83,0.3,19.5
2022-05-11,13.7,15.9,11.2,80,1.7,35.1
2022-05-12,12.9,16.0,10.3,74,0.1,16.6
2022-05-13,12.8,16.0,9.1,79,0.0,15.5
2022-05-14,13.5,20.6,8.1,81,0.0,15.5
2022-05-15,15.9,21.4,13.1,88,0.6,16.5
2022-05-16,15.3,17.2,14.1,87,3.4,34.2
2022-05-17,16.0,20.1,13.4,79,1.1,32.0
2022-05-18,15.2,19.8,13.2,85,1.7,19.9
2022-05-19,14.1,16.9,11.5,79,0.0,11.7
2022-05-20,14.0,16.5,11.9,83,3.1,24.0
2022-05-21,15.2,19.5,12.3,76,0.0,14.3
2022-05-22,15.1,21.4,10.9,82,1.2,16.0
2022-05-23,12.7,14.4,10.9,85,2.0,22.5
2022-05-24,12.9,15.3,10.9,74,0.9,20.6
2022-05-25,13.7,15.1,11.6,82,0.9,27.3
2022-05-26,14.5,16.2,12.5,82,0.5,18.0
2022-05-27,15.0,18.1,12.1,83,0.6,15.0
2022-05-28,14.1,19.8,10.0,73,0.0,24.1
2022-05-29,13.9,19.0,10.1,66,0.0,23.2
2022-05-30,12.6,16.6,8.8,72,0.0,13.7
2022-05-31,12.9,16.7,8.6,74,0.0,14.0
2022-06-01,13.2,18.7,7.2,73,0.0,20.0
2022-06-02,16.8,23.3,11.2,67,1.2,17.9
2022-06-03,16.7,21.7,12.9,75,3.7,21.7
2022-06-04,16.3,20.3,13.8,87,0.6,15.3
2022-06-05,14.6,16.2,13.0,81,0.6,21.9
2022-06-06,14.8,16.9,12.8,87,10.1,23.5
2022-06-07,15.4,17.3,14.2,91,16.7,28.7
2022-06-08,15.2,16.9,13.9,85,5.1,28.5
2022-06-09,15.5,17.7,13.6,84,0.7,30.4
2022-06-10,16.0,17.3,14.4,88,1.3,19.1
2022-06-11,15.4,18.1,12.8,80,0.0,14.5
2022-06-12,15.1,18.6,12.1,78,0.0,17.3
2022-06-13,15.0,19.7,10.8,72,0.0,19.5
2022-06-14,15.7,21.8,10.9,74,0.0,19.1
2022-06-15,17.5,23.2,12.8,74,0.0,17.4
2022-06-16,18.5,26.2,11.4,74,0.0,20.1
2022-06-17,22.3,28.2,16.8,67,0.0,12.3
2022-06-18,19.3,25.6,15.9,79,0.1,41.4
2022-06-19,13.3,15.4,11.9,89,36.1,41.2
2022-06-20,16.6,20.6,13.5,82,0.1,27.8
2022-06-21,16.9,22.1,13.3,82,1.0,20.6
2022-06-22,17.7,22.2,13.9,86,10.9,21.3
2022-06-23,16.4,18.0,15.0,92,6.3,17.2
2022-06-24,15.4,17.0,13.6,87,5.5,32.9
2022-06-25,14.1,15.4,12.8,72,10.8,28.1
2022-06-26,14.5,16.2,13.1,70,0.5,22.7
2022-06-27,14.2,16.0,12.4,78,0.5,19.4
2022-06-28,15.3,16.9,13.4,75,6.0,34.2
2022-06-29,14.1,15.5,12.5,85,1.6,18.0
2022-06-30,13.2,15.6,11.0,79,0.9,18.0
2022-07-01,14.3,17.0,12.0,75,0.2,18.1
2022-07-02,14.8,17.2,12.9,79,0.5,21.9
2022-07-03,15.2,18.0,12.6,78,0.0,16.7
2022-07-04,14.3,17.8,10.8,78,0.0,18.1
2022-07-05,15.8,19.0,12.8,79,0.0,21.3
2022-07-06,17.1,21.9,13.5,81,0.0,18.9
2022-07-07,17.1,20.1,14.1,84,0.3,19.5
2022-07-08,17.9,23.8,13.3,77,0.0,19.6
2022-07-09,19.5,25.0,15.1,76,0.0,20.9
2022-07-10,21.1,28.2,15.6,60,0.0,21.0
2022-07-11,22.7,28.8,18.0,62,0.0,16.6
2022-07-12,22.7,27.5,17.4,68,0.0,11.0
2022-07-13,21.2,28.2,15.6,72,0.0,15.2
2022-07-14,17.9,20.8,15.1,73,0.0,23.0
2022-07-15,18.9,24.5,14.3,68,0.0,22.9
2022-07-16,21.5,29.7,15.6,55,0.0,20.7
2022-07-17,24.6,30.9,20.1,52,0.0,17.9
2022-07-18,27.3,35.8,20.1,47,0.0,18.1
2022-07-19,19.6,23.0,17.2,81,2.2,21.7
2022-07-20,17.6,19.4,16.4,87,1.8,21.4
2022-07-21,17.9,21.0,15.4,69,0.0,17.3
2022-07-22,17.0,20.0,13.9,75,0.0,20.9
2022-07-23,17.1,19.3,14.1,83,0.6,23.9
2022-07-24,18.3,20.4,16.5,83,0.1,27.2
2022-07-25,17.5,19.0,16.0,84,3.0,27.5
2022-07-26,17.6,20.6,15.0,74,1.3,12.6
2022-07-27,16.8,20.5,12.9,75,0.1,9.2
2022-07-28,18.0,22.2,13.9,73,0.3,12.4
2022-07-29,19.3,24.8,14.8,72,0.0,15.0
2022-07-30,18.0,20.7,15.1,88,0.3,15.1
2022-07-31,18.6,20.2,17.1,87,0.9,18.9
2022-08-01,18.8,20.9,16.3,84,0.1,14.1
2022-08-02,18.9,21.4,16.5,88,0.0,13.4
2022-08-03,18.7,21.8,15.2,88,0.0,15.5
2022-08-04,18.1,20.8,15.4,72,0.1,20.2
2022-08-05,16.9,19.5,14.7,62,0.0,25.1
2022-08-06,17.4,22.5,13.2,67,0.0,26.8
2022-08-07,18.4,24.0,13.8,63,0.0,24.3
2022-08-08,19.9,25.1,15.4,60,0.0,23.3
2022-08-09,20.4,25.0,16.8,64,0.0,25.5
2022-08-10,21.9,27.9,16.8,68,0.0,23.0
2022-08-11,24.7,30.9,19.1,52,0.0,25.4
2022-08-12,25.8,33.0,19.0,45,0.0,22.4
2022-08-13,24.9,32.4,19.2,50,0.7,21.8
2022-08-14,20.2,23.3,18.1,77,1.4,24.0
2022-08-15,18.7,20.6,17.1,88,0.1,18.8
2022-08-16,17.7,20.8,16.1,87,11.4,17.2
2022-08-17,17.4,20.4,15.2,87,2.5,21.2
2022-08-18,17.9,20.1,16.5,85,0.4,16.6
2022-08-19,18.2,20.8,14.4,84,3.1,18.0
2022-08-20,16.5,19.1,13.1,79,0.0,15.7
2022-08-21,17.1,18.7,15.8,89,4.8,18.1
2022-08-22,18.1,19.6,16.8,96,1.1,17.8
2022-08-23,18.6,20.7,17.8,93,0.5,18.3
2022-08-24,19.4,23.0,16.9,86,0.0,13.4
2022-08-25,17.6,20.1,14.8,80,0.9,24.3
2022-08-26,16.5,19.6,12.9,83,0.0,13.8
2022-08-27,17.4,22.2,13.2,79,0.0,16.3
2022-08-28,19.6,24.9,16.2,71,0.0,20.5
2022-08-29,19.8,25.5,15.9,74,0.0,21.6
2022-08-30,20.4,25.4,16.9,75,0.0,23.7
2022-08-31,19.5,23.1,17.4,81,8.6,23.5
2022-09-01,17.9,19.8,15.5,91,8.8,19.9
2022-09-02,17.1,19.9,15.1,93,4.9,12.5
2022-09-03,17.0,18.6,15.5,86,3.7,27.5
2022-09-04,17.9,19.1,17.0,90,23.7,35.6
2022-09-05,18.0,20.6,16.7,87,16.5,32.0
2022-09-06,17.2,19.1,15.9,83,7.1,32.2
2022-09-07,16.8,18.5,15.5,83,9.5,33.8
2022-09-08,16.5,18.1,15.4,83,2.2,29.6
2022-09-09,16.5,18.4,15.1,84,2.4,25.2
2022-09-10,16.6,19.8,14.0,84,0.0,12.3
2022-09-11,18.8,23.0,15.0,83,2.8,19.3
2022-09-12,20.8,24.6,18.2,75,1.3,16.2
2022-09-13,21.9,24.5,19.0,79,0.4,21.2
2022-09-14,18.1,19.8,15.5,94,9.7,20.9
2022-09-15,16.1,18.2,13.8,81,0.1,23.1
2022-09-16,14.8,17.4,12.5,72,0.1,19.8
2022-09-17,13.6,17.2,10.7,76,0.0,14.7
2022-09-18,12.3,17.5,8.1,81,0.0,17.1
2022-09-19,14.0,19.3,10.4,81,0.0,16.5
2022-09-20,14.7,19.4,11.1,83,0.0,14.1
2022-09-21,14.8,19.3,10.6,80,0.0,11.5
2022-09-22,14.3,18.4,10.3,88,0.0,11.2
2022-09-23,14.8,17.4,13.6,89,16.5,19.5
2022-09-24,13.8,15.9,12.1,79,0.5,18.1
2022-09-25,13.4,16.5,11.0,78,0.2,19.2
2022-09-26,14.2,16.1,11.0,80,2.0,30.8
2022-09-27,14.9,16.2,13.4,82,4.9,31.4
2022-09-28,13.6,15.5,12.1,83,1.4,31.0
2022-09-29,12.4,14.6,9.9,82,1.0,28.9
2022-09-30,13.1,16.4,9.0,91,2.9,34.4
2022-10-01,16.5,17.8,15.2,90,1.6,29.3
2022-10-02,15.7,16.7,12.6,90,1.1,32.8
2022-10-03,14.9,17.2,12.6,90,0.0,13.2
2022-10-04,15.1,16.5,13.4,92,2.4,27.3
2022-10-05,15.4,16.7,13.5,86,2.9,32.5
2022-10-06,13.7,17.0,11.1,84,0.0,15.1
2022-10-07,13.8,16.2,11.4,88,1.4,20.7
2022-10-08,13.0,16.2,9.4,85,0.7,11.8
2022-10-09,13.8,17.6,10.1,79,0.6,20.9
2022-10-10,14.1,15.8,11.2,88,0.5,23.7
2022-10-11,13.0,17.4,10.0,80,0.0,14.1
2022-10-12,13.3,15.4,9.3,84,0.0,16.6
2022-10-13,14.9,17.4,12.4,93,6.7,25.9
2022-10-14,14.7,16.6,12.9,95,21.2,28.7
2022-10-15,14.2,15.6,13.6,87,2.4,26.4
2022-10-16,14.4,16.4,12.2,91,7.7,37.5
2022-10-17,15.1,17.0,13.9,88,4.1,30.0
2022-10-18,17.0,21.0,13.7,85,0.0,24.2
2022-10-19,17.4,20.5,15.1,86,0.0,29.6
2022-10-20,15.7,19.0,12.9,83,0.7,27.6
2022-10-21,15.4,16.8,14.6,85,22.6,48.6
2022-10-22,15.6,17.8,14.1,88,7.4,25.0
2022-10-23,14.2,15.9,12.9,88,7.8,44.6
2022-10-24,14.2,15.2,13.4,87,8.2,33.4
2022-10-25,15.4,16.9,14.1,88,2.6,29.7
2022-10-26,15.9,16.8,15.2,88,3.2,38.0
2022-10-27,16.8,19.2,15.4,88,7.7,29.0
2022-10-28,15.6,18.6,14.1,86,1.9,36.7
2022-10-29,16.3,17.8,14.8,86,6.3,34.5
2022-10-30,14.8,16.1,13.7,84,3.3,30.9
2022-10-31,14.2,15.6,12.6,86,5.9,41.1
2022-11-01,13.9,15.8,12.9,73,12.9,39.8
2022-11-02,13.9,15.2,12.6,75,5.3,41.3
2022-11-03,12.4,13.8,10.9,84,32.5,36.4
2022-11-04,11.4,13.2,9.8,77,1.7,40.5
2022-11-05,13.5,14.8,11.6,84,10.5,28.8
2022-11-06,14.0,14.9,12.9,84,9.6,36.1
2022-11-07,14.5,15.4,13.6,81,5.2,49.5
2022-11-08,13.1,14.1,11.6,81,18.8,43.3
2022-11-09,12.8,14.4,11.4,77,6.0,30.6
2022-11-10,14.0,15.2,12.7,85,1.1,27.9
2022-11-11,13.8,14.9,11.8,90,0.8,26.8
2022-11-12,14.8,17.8,12.2,87,0.0,26.0
2022-11-13,15.0,17.1,13.5,89,0.0,22.3
2022-11-14,12.9,14.8,11.8,81,6.1,34.2
2022-11-15,12.2,14.1,9.8,84,33.9,47.7
2022-11-16,12.1,14.5,10.6,80,16.2,46.2
2022-11-17,10.8,11.7,9.9,81,15.5,30.1
2022-11-18,9.7,11.1,6.2,78,3.5,24.6
2022-11-19,8.7,11.1,5.6,80,1.3,22.1
2022-11-20,11.5,13.0,10.1,80,1.7,30.1
2022-11-21,10.5,12.4,8.5,76,11.1,43.9
2022-11-22,10.3,11.7,8.6,71,2.8,38.5
2022-11-23,11.8,12.9,10.1,76,9.7,39.3
2022-11-24,11.9,13.1,10.5,73,4.8,43.2
2022-11-25,10.6,12.6,9.1,81,2.7,24.9
2022-11-26,12.5,14.0,11.1,79,27.1,37.2
2022-11-27,12.4,14.2,10.4,92,13.0,35.3
2022-11-28,10.5,12.1,9.2,77,2.1,26.1
2022-11-29,9.7,11.8,6.4,86,0.0,16.6
2022-11-30,8.2,9.9,6.3,87,0.0,15.6
2022-12-01,6.6,9.8,3.7,87,0.0,16.6
2022-12-02,6.0,8.9,2.8,83,0.0,13.4
2022-12-03,6.1,7.1,3.8,83,0.4,22.4
2022-12-04,4.6,6.7,3.1,85,0.0,16.5
2022-12-05,4.5,7.5,2.4,87,0.0,16.2
2022-12-06,4.5,7.8,2.7,86,0.0,14.1
2022-12-07,4.5,7.4,2.5,88,0.0,9.6
2022-12-08,4.4,6.8,1.6,82,0.0,17.3
2022-12-09,2.4,5.5,-0.3,88,0.5,8.9
2022-12-10,2.4,6.0,-0.4,92,0.0,11.3
2022-12-11,3.0,6.1,1.1,93,1.6,11.5
2022-12-12,2.1,4.3,0.2,89,0.0,20.7
2022-12-13,1.7,3.7,0.0,85,2.8,20.3
2022-12-14,3.0,4.1,2.0,90,4.8,27.1
2022-12-15,4.4,5.6,3.3,73,2.7,27.5
2022-12-16,3.4,6.8,-0.4,77,0.0,15.6
2022-12-17,1.3,3.9,-0.4,84,0.0,14.8
2022-12-18,9.0,13.1,0.8,90,36.6,43.9
2022-12-19,13.0,13.7,12.4,90,25.4,45.2
2022-12-20,10.5,12.9,8.4,90,7.8,38.6
2022-12-21,11.2,12.9,9.6,91,11.5,39.0
2022-12-22,12.7,13.7,12.0,92,10.2,40.9
2022-12-23,12.5,13.4,11.2,90,21.2,36.8
2022-12-24,11.2,11.5,10.9,90,3.9,28.8
2022-12-25,10.5,11.2,9.5,91,13.5,23.9
2022-12-26,8.9,10.8,6.5,82,0.8,23.2
2022-12-27,9.9,11.1,8.4,75,3.6,32.3
2022-12-28,11.2,12.2,10.6,89,14.8,41.6
2022-12-29,9.9,10.7,9.2,71,0.9,35.8
2022-12-30,12.1,13.4,10.1,90,28.7,47.4
2022-12-31,12.9,13.8,11.6,91,24.8,50.5
2023-01-01,10.6,11.4,9.1,84,5.2,34.1
2023-01-02,8.8,10.2,7.1,87,1.1,18.0
2023-01-03,11.5,12.6,9.5,85,10.4,38.5
2023-01-04,12.6,13.2,12.1,94,4.2,36.2
2023-01-05,11.7,12.5,11.2,92,1.6,33.4
2023-01-06,11.9,12.4,11.7,92,5.1,37.4
2023-01-07,10.8,12.1,9.1,82,18.6,48.0
2023-01-08,8.9,9.6,8.2,77,13.0,40.3
2023-01-09,8.6,10.1,7.2,69,1.9,38.1
2023-01-10,11.7,12.9,9.1,88,11.6,37.7
2023-01-11,10.7,11.7,9.8,78,1.9,36.4
2023-01-12,11.2,11.6,10.4,90,9.1,42.6
2023-01-13,10.3,11.1,9.6,78,0.7,31.8
2023-01-14,10.5,12.6,7.2,89,11.7,40.2
2023-01-15,7.7,9.8,6.7,74,17.1,48.3
2023-01-16,6.3,8.7,4.4,83,13.2,45.8
2023-01-17,4.8,6.2,3.7,77,3.2,32.2
2023-01-18,4.7,6.7,2.3,71,2.8,28.5
2023-01-19,4.7,5.9,2.5,80,4.8,19.2
2023-01-20,5.4,8.2,1.7,79,0.1,10.2
2023-01-21,4.0,7.7,1.5,85,0.0,12.1
2023-01-22,2.6,5.3,1.4,82,0.0,10.5
2023-01-23,2.0,6.1,-1.5,87,0.0,15.0
2023-01-24,5.4,8.1,1.5,84,0.0,23.1
2023-01-25,6.0,8.8,3.6,85,0.2,18.7
2023-01-26,7.6,9.2,6.4,78,2.6,28.7
2023-01-27,6.2,7.2,4.9,74,0.0,23.5
2023-01-28,5.6,7.2,2.8,72,0.0,17.1
2023-01-29,6.0,8.2,2.8,80,0.0,12.6
2023-01-30,8.9,11.2,7.1,89,0.8,14.8
2023-01-31,7.8,10.7,4.8,87,0.4,18.2
2023-02-01,7.9,10.4,5.5,79,0.0,16.9
2023-02-02,8.9,10.3,8.1,78,0.3,16.2
2023-02-03,8.6,10.4,6.0,84,0.0,13.4
2023-02-04,7.2,8.4,5.5,77,0.0,6.8
2023-02-05,7.5,11.4,4.8,86,0.0,15.6
2023-02-06,5.1,10.1,2.2,77,0.0,15.9
2023-02-07,4.2,8.2,1.3,76,0.0,22.4
2023-02-08,3.7,10.2,-1.2,83,0.0,10.9
2023-02-09,7.6,11.1,4.1,86,0.1,9.3
2023-02-10,6.5,10.3,4.6,96,0.0,11.4
2023-02-11,6.5,11.3,3.8,90,0.0,13.6
2023-02-12,6.9,11.9,3.8,82,0.0,14.0
2023-02-13,7.4,12.5,3.8,87,0.0,21.5
2023-02-14,8.9,13.1,6.5,78,0.0,18.3
2023-02-15,9.6,13.2,7.3,90,1.6,17.9
2023-02-16,10.6,11.6,8.8,96,5.2,24.9
2023-02-17,10.9,11.8,10.3,94,0.1,18.6
2023-02-18,10.6,11.6,9.7,90,0.4,21.4
2023-02-19,9.7,10.6,7.2,87,0.0,13.9
2023-02-20,7.2,9.9,5.3,90,0.0,13.6
2023-02-21,6.9,10.6,3.5,93,2.0,8.2
2023-02-22,7.9,9.1,3.5,81,5.3,24.5
2023-02-23,5.5,8.3,1.5,83,0.2,27.0
2023-02-24,7.6,8.9,6.6,78,0.0,31.6
2023-02-25,6.8,8.6,4.8,75,0.0,26.6
2023-02-26,5.6,7.6,4.3,69,0.1,26.3
2023-02-27,5.2,8.1,3.2,68,0.0,28.6
2023-02-28,5.5,7.5,3.0,75,0.8,25.1
2023-03-01,4.6,7.3,0.4,74,1.7,24.8
2023-03-02,5.2,8.5,1.1,77,0.0,17.4
2023-03-03,5.8,8.4,2.5,77,0.0,22.1
2023-03-04,6.2,8.1,4.5,74,0.2,16.4
2023-03-05,5.2,6.8,4.1,76,0.1,11.3
2023-03-06,5.5,7.1,4.1,82,1.1,15.0
2023-03-07,7.4,9.4,5.3,89,9.3,25.8
2023-03-08,11.1,12.8,8.9,91,16.9,38.0
2023-03-09,10.9,11.9,9.9,90,13.2,47.0
2023-03-10,7.1,9.6,5.2,79,14.4,47.2
2023-03-11,10.4,13.1,5.3,94,3.2,25.2
2023-03-12,11.1,12.6,10.2,94,3.5,33.6
2023-03-13,11.4,12.2,10.2,89,18.2,42.5
2023-03-14,9.1,10.2,7.7,70,1.0,39.1
2023-03-15,9.1,11.1,6.0,88,1.0,26.3
2023-03-16,10.6,12.6,9.2,91,2.0,28.8
2023-03-17,11.0,12.4,9.5,91,6.0,32.7
2023-03-18,10.5,12.9,8.4,90,1.5,16.6
2023-03-19,9.7,11.2,8.4,76,0.0,16.8
2023-03-20,10.5,12.0,8.9,89,1.5,29.6
2023-03-21,11.0,12.4,10.2,90,7.4,31.2
2023-03-22,11.5,12.8,10.2,91,17.0,38.8
2023-03-23,10.9,11.6,9.9,89,14.9,42.1
2023-03-24,10.1,11.5,9.1,80,20.3,48.3
2023-03-25,10.3,11.8,9.2,80,14.8,35.4
2023-03-26,9.7,11.9,8.1,78,3.8,34.8
2023-03-27,9.1,12.2,5.3,86,0.5,13.8
2023-03-28,10.9,12.7,9.4,87,1.8,32.8
2023-03-29,12.4,13.9,11.2,88,1.1,35.1
2023-03-30,11.6,13.2,10.1,88,16.9,49.4
2023-03-31,11.0,11.9,10.1,83,21.2,49.9
2023-04-01,10.0,11.8,8.4,82,2.3,30.0
2023-04-02,9.9,12.4,6.8,81,0.4,22.6
2023-04-03,8.8,13.6,5.2,79,0.0,13.4
2023-04-04,7.8,13.1,3.2,80,0.0,13.7
2023-04-05,8.2,10.4,5.7,89,4.3,15.9
2023-04-06,10.8,13.2,7.9,84,4.5,17.4
2023-04-07,8.8,14.4,4.1,83,0.0,17.7
2023-04-08,10.2,14.9,6.4,72,0.0,22.2
2023-04-09,11.1,15.3,7.9,80,0.8,22.2
2023-04-10,11.5,13.6,9.9,90,9.8,29.7
2023-04-11,10.3,11.4,9.4,83,18.2,41.4
2023-04-12,8.7,10.1,7.3,70,3.6,47.2
2023-04-13,8.6,10.6,6.4,72,2.0,26.4
2023-04-14,10.5,12.6,8.8,84,6.4,39.0
2023-04-15,10.5,13.4,8.1,76,0.0,18.7
2023-04-16,9.9,13.5,6.8,82,0.0,11.8
2023-04-17,11.4,18.4,6.2,76,0.0,20.4
2023-04-18,10.3,14.1,7.3,79,0.3,25.7
2023-04-19,11.1,16.2,6.7,80,0.1,21.5
2023-04-20,11.9,15.9,9.2,69,0.0,23.2
2023-04-21,9.6,13.3,5.7,70,0.0,20.1
2023-04-22,10.8,12.9,8.7,86,18.4,33.3
2023-04-23,10.6,11.9,9.4,83,2.6,30.2
2023-04-24,10.3,12.9,8.1,78,2.1,24.2
2023-04-25,9.3,12.1,6.6,83,2.1,18.2
2023-04-26,11.8,14.4,9.6,90,1.9,17.2
2023-04-27,11.9,14.1,9.1,96,6.8,24.1
2023-04-28,12.7,14.8,11.2,91,0.5,17.1
2023-04-29,13.5,18.1,10.4,84,0.1,12.6
2023-04-30,12.9,14.7,11.2,90,1.7,15.9
2023-05-01,11.8,15.1,9.6,83,0.5,14.5
2023-05-02,11.9,18.1,7.3,86,0.0,15.1
2023-05-03,15.6,20.2,11.9,67,0.0,23.0
2023-05-04,14.0,16.9,12.6,85,13.2,31.9
2023-05-05,13.4,15.1,11.8,89,6.1,27.6
2023-05-06,13.9,15.4,12.8,92,25.0,32.1
2023-05-07,13.3,15.6,11.2,87,0.4,14.8
2023-05-08,13.2,14.1,12.0,97,16.2,25.6
2023-05-09,13.0,14.6,11.4,89,8.0,34.5
2023-05-10,12.4,14.4,10.6,81,2.0,22.8
2023-05-11,11.9,14.8,9.9,80,1.8,19.0
2023-05-12,12.2,15.4,8.9,85,1.3,26.6
2023-05-13,12.9,15.4,10.2,85,0.0,20.2
2023-05-14,12.5,16.6,8.6,88,0.0,15.0
2023-05-15,12.6,14.4,10.1,76,0.6,27.7
2023-05-16,11.9,15.6,8.4,73,0.2,17.3
2023-05-17,12.8,17.5,8.9,78,0.1,18.0
2023-05-18,12.7,16.9,9.0,80,0.1,18.9
2023-05-19,13.1,16.4,10.1,81,0.0,22.9
2023-05-20,12.9,16.0,9.8,77,0.0,22.7
2023-05-21,13.6,17.2,10.6,75,0.0,22.3
2023-05-22,13.9,17.3,10.3,73,0.0,24.8
2023-05-23,14.6,19.1,11.9,75,0.0,24.4
2023-05-24,13.9,18.2,10.1,71,0.0,18.6
2023-05-25,14.6,18.4,11.1,76,0.0,29.3
2023-05-26,14.1,17.9,10.6,77,0.0,28.6
2023-05-27,15.2,19.9,11.1,78,0.0,21.3
2023-05-28,15.3,20.3,11.3,74,0.0,23.4
2023-05-29,15.4,18.7,12.6,74,0.0,31.6
2023-05-30,14.6,18.6,10.9,76,0.0,29.0
2023-05-31,14.6,18.5,11.5,78,0.0,25.7
2023-06-01,15.9,20.1,12.4,80,0.0,27.3
2023-06-02,14.9,19.0,11.6,77,0.0,27.0
2023-06-03,14.7,19.1,9.9,75,0.0,24.7
2023-06-04,17.3,22.5,12.6,68,0.0,22.9
2023-06-05,17.2,22.2,12.8,70,0.0,22.7
2023-06-06,17.0,22.7,12.1,75,0.0,20.4
2023-06-07,18.3,25.4,11.8,74,0.0,21.9
2023-06-08,20.4,24.6,18.3,70,13.9,23.0
2023-06-09,19.1,22.9,16.2,85,13.2,20.4
2023-06-10,18.1,20.5,16.5,90,1.0,16.1
2023-06-11,17.1,19.6,15.4,87,2.0,12.6
2023-06-12,16.1,21.2,12.8,86,0.0,16.9
2023-06-13,16.7,20.6,13.4,88,0.0,15.3
2023-06-14,16.0,19.6,13.8,89,0.0,14.0
2023-06-15,16.8,20.8,14.1,86,0.0,13.0
2023-06-16,17.7,23.6,14.6,87,4.8,13.6
2023-06-17,17.9,21.0,14.4,85,0.1,13.0
2023-06-18,17.1,19.0,15.1,90,3.5,15.7
2023-06-19,18.1,21.0,15.6,84,3.1,16.9
2023-06-20,17.3,19.9,14.9,88,3.7,20.3
2023-06-21,18.0,20.5,15.9,82,0.8,15.5
2023-06-22,17.8,22.4,14.3,80,0.0,14.3
2023-06-23,17.8,21.2,13.6,85,0.8,16.4
2023-06-24,20.6,26.5,13.4,75,0.0,15.5
2023-06-25,19.3,21.5,16.6,78,0.3,23.1
2023-06-26,17.6,19.8,15.6,68,0.0,15.9
2023-06-27,17.3,20.0,14.2,77,0.2,14.6
2023-06-28,18.2,20.5,15.8,86,1.4,14.8
2023-06-29,17.3,19.5,14.6,70,1.7,23.9
2023-06-30,16.7,19.0,14.8,81,4.7,24.5
2023-07-01,17.5,19.8,15.6,82,5.8,26.4
2023-07-02,16.7,18.2,15.6,80,2.3,25.2
2023-07-03,16.5,18.9,13.6,74,0.0,18.1
2023-07-04,15.9,18.5,13.9,82,2.1,26.1
2023-07-05,15.8,18.5,12.9,72,0.8,20.6
2023-07-06,16.1,19.7,12.2,74,0.1,22.7
2023-07-07,19.9,24.9,14.9,67,0.0,20.8
2023-07-08,19.0,20.5,17.4,79,0.2,25.1
2023-07-09,17.9,20.4,16.2,78,1.9,22.0
2023-07-10,18.7,21.0,16.5,79,0.2,35.5
2023-07-11,17.6,19.0,15.4,88,5.2,28.0
2023-07-12,16.3,18.4,13.8,79,1.9,25.8
2023-07-13,17.0,19.1,14.9,79,0.9,19.6
2023-07-14,17.9,19.3,16.5,85,7.1,41.4
2023-07-15,16.5,18.0,15.3,77,8.4,41.6
2023-07-16,15.8,17.4,13.8,80,2.1,25.9
2023-07-17,16.3,18.8,13.9,73,0.4,16.2
2023-07-18,15.9,19.8,10.8,80,0.1,22.0
2023-07-19,17.0,19.5,14.8,80,0.8,19.1
2023-07-20,15.8,18.4,13.3,80,1.5,13.5
2023-07-21,15.8,19.9,12.1,74,0.2,17.6
2023-07-22,16.0,17.6,13.7,82,7.5,34.1
2023-07-23,17.3,18.4,15.4,90,18.8,34.7
2023-07-24,16.5,19.0,14.9,83,4.7,28.3
2023-07-25,16.3,18.2,14.3,72,0.7,20.0
2023-07-26,16.9,19.2,14.6,87,1.2,24.7
2023-07-27,17.4,18.2,16.6,95,26.9,29.1
2023-07-28,17.5,19.4,16.4,90,4.0,24.7
2023-07-29,16.9,19.2,15.4,85,2.0,22.7
2023-07-30,17.1,19.0,15.6,81,1.2,30.2
2023-07-31,17.7,18.7,16.4,94,13.5,33.2
2023-08-01,16.8,18.2,15.7,92,13.5,34.8
2023-08-02,16.9,18.5,16.0,86,10.5,51.9
2023-08-03,15.9,17.1,14.8,85,9.4,31.1
2023-08-04,15.8,17.9,14.1,79,1.0,20.5
2023-08-05,16.0,17.8,14.3,80,8.7,40.6
2023-08-06,15.4,17.6,13.4,81,1.7,21.1
2023-08-07,14.7,17.8,10.4,82,0.0,13.2
2023-08-08,15.8,17.5,13.2,87,1.0,23.8
2023-08-09,19.4,25.2,14.8,87,0.0,13.0
2023-08-10,18.9,20.9,16.0,90,1.1,22.0
2023-08-11,18.2,19.5,16.4,95,4.1,20.6
2023-08-12,17.4,19.2,16.0,88,1.6,26.4
2023-08-13,17.2,19.2,15.4,85,2.5,22.6
2023-08-14,17.1,19.0,14.2,90,9.6,27.8
2023-08-15,15.8,19.8,12.1,84,0.7,12.4
2023-08-16,16.2,20.5,12.2,85,0.6,12.8
2023-08-17,17.8,22.9,13.6,83,0.0,12.1
2023-08-18,18.7,21.1,16.8,85,6.7,39.5
2023-08-19,18.4,20.0,16.8,87,2.5,27.7
2023-08-20,17.9,20.4,15.6,92,0.8,16.8
2023-08-21,17.7,22.1,14.6,89,0.0,11.3
2023-08-22,18.7,23.5,15.1,86,0.0,13.4
2023-08-23,19.9,26.9,15.3,77,0.7,14.6
2023-08-24,18.2,20.6,15.1,84,6.6,24.7
2023-08-25,15.4,17.9,12.6,80,1.7,21.6
2023-08-26,15.7,18.0,14.1,80,1.0,18.2
2023-08-27,15.8,17.5,13.6,83,1.1,23.0
2023-08-28,16.0,17.5,14.6,81,0.5,21.1
2023-08-29,15.9,17.8,13.5,85,1.4,18.1
2023-08-30,15.3,17.8,12.3,76,0.2,15.6
2023-08-31,17.5,19.2,15.9,91,6.8,28.5
2023-09-01,17.0,19.0,14.6,88,10.0,24.7
2023-09-02,16.5,20.5,12.8,86,0.2,17.6
2023-09-03,19.7,26.0,14.9,87,0.0,18.9
2023-09-04,24.6,30.2,21.5,68,0.0,19.9
2023-09-05,21.5,25.8,17.6,75,0.2,13.1
2023-09-06,21.7,28.9,16.8,77,0.0,20.6
2023-09-07,22.2,25.8,19.2,80,0.0,12.2
2023-09-08,21.0,25.8,17.1,86,1.3,13.5
2023-09-09,20.8,26.2,17.1,86,16.5,18.0
2023-09-10,19.5,22.0,17.2,90,1.2,16.1
2023-09-11,18.5,20.4,16.7,93,0.7,12.2
2023-09-12,17.2,19.6,14.7,84,0.2,18.3
2023-09-13,15.7,18.9,12.6,82,1.2,14.6
2023-09-14,15.3,20.3,11.9,85,0.0,11.4
2023-09-15,18.3,23.3,14.0,81,0.9,18.4
2023-09-16,19.1,21.8,17.2,90,6.6,21.2
2023-09-17,17.8,20.2,16.0,89,14.3,20.2
2023-09-18,16.5,17.8,15.4,84,6.1,28.7
2023-09-19,16.9,18.0,15.2,84,2.1,28.5
2023-09-20,17.1,18.5,14.9,88,35.0,42.0
2023-09-21,13.8,14.8,11.8,80,14.5,23.5
2023-09-22,12.9,16.6,10.6,77,3.2,22.5
2023-09-23,13.9,17.1,9.9,72,0.0,24.3
2023-09-24,18.0,19.8,16.9,83,2.0,40.7
2023-09-25,16.8,18.9,14.8,88,0.5,21.4
2023-09-26,17.1,18.7,15.9,92,4.1,21.5
2023-09-27,17.4,19.1,15.8,88,2.0,35.2
2023-09-28,17.0,19.0,14.9,86,3.0,35.2
2023-09-29,15.4,18.0,10.9,83,0.2,30.3
2023-09-30,15.7,20.1,11.1,88,0.1,27.3
2023-10-01,17.5,19.5,14.4,91,0.1,19.2
2023-10-02,16.4,20.4,13.8,96,0.3,22.2
2023-10-03,15.1,17.1,11.9,80,0.2,23.5
2023-10-04,13.7,16.3,11.1,79,0.2,15.5
2023-10-05,13.8,17.7,9.7,87,0.0,13.2
2023-10-06,15.5,19.3,13.1,88,0.0,14.7
2023-10-07,17.2,22.5,13.9,75,0.0,14.6
2023-10-08,17.0,23.5,11.6,74,0.0,10.7
2023-10-09,16.6,22.7,12.1,73,0.0,12.4
2023-10-10,16.2,17.8,15.5,94,0.0,13.8
2023-10-11,17.1,19.7,14.6,90,4.2,22.7
2023-10-12,17.9,19.0,17.3,94,3.5,27.0
2023-10-13,18.0,20.4,13.9,82,4.5,45.8
2023-10-14,13.0,14.3,9.4,66,0.0,18.7
2023-10-15,11.6,14.5,8.4,66,0.0,16.3
2023-10-16,11.3,14.6,9.1,59,0.2,20.8
2023-10-17,14.9,19.4,10.9,68,3.0,29.5
2023-10-18,17.0,19.0,15.6,89,11.4,37.9
2023-10-19,15.4,16.8,13.6,88,9.0,33.2
2023-10-20,13.1,15.9,11.0,89,4.0,35.0
2023-10-21,12.4,13.3,11.8,88,27.0,43.3
2023-10-22,13.3,15.4,11.8,74,0.8,23.0
2023-10-23,13.0,14.2,12.0,83,5.8,27.7
2023-10-24,12.3,13.6,10.3,83,3.6,21.4
2023-10-25,13.0,15.2,9.8,90,12.0,29.6
2023-10-26,13.8,15.4,12.2,82,7.0,26.3
2023-10-27,12.4,13.8,11.5,81,7.8,32.5
2023-10-28,12.8,14.6,11.1,81,21.4,35.5
2023-10-29,12.2,13.4,10.4,73,8.0,41.3
2023-10-30,12.5,14.6,10.8,77,3.7,27.8
2023-10-31,13.5,14.8,11.8,85,4.4,39.9
2023-11-01,12.8,14.9,11.1,79,25.0,53.8
2023-11-02,10.3,13.1,8.6,74,18.9,78.3
2023-11-03,10.6,13.0,8.5,78,3.7,34.1
2023-11-04,11.5,14.1,10.4,83,18.4,43.8
2023-11-05,11.5,13.1,10.5,74,1.5,31.7
2023-11-06,10.2,11.1,9.0,81,8.4,26.5
2023-11-07,10.7,12.9,8.8,69,0.3,19.1
2023-11-08,12.1,14.2,10.2,82,7.4,39.9
2023-11-09,10.2,11.8,9.0,73,4.6,37.1
2023-11-10,11.3,13.0,9.6,68,0.7,42.5
2023-11-11,10.0,13.5,6.9,85,17.6,28.3
2023-11-12,13.6,14.8,12.9,90,9.0,38.2
2023-11-13,14.4,15.3,12.9,88,6.9,42.3
2023-11-14,13.2,13.9,11.8,83,11.3,37.4
2023-11-15,11.7,13.1,10.9,86,1.7,19.5
2023-11-16,11.8,14.6,10.2,85,13.0,43.3
2023-11-17,11.0,12.9,9.3,82,5.0,24.9
2023-11-18,14.5,15.4,12.5,95,12.1,33.4
2023-11-19,13.0,14.0,11.9,85,0.8,36.4
2023-11-20,11.8,12.9,10.9,82,1.5,32.1
2023-11-21,10.7,11.8,9.6,82,1.6,26.4
2023-11-22,10.4,12.4,8.4,81,0.0,17.1
2023-11-23,11.5,12.8,10.7,86,0.0,18.8
2023-11-24,11.5,13.1,10.1,83,0.2,20.1
2023-11-25,7.7,9.9,6.3,78,0.0,10.7
2023-11-26,10.0,11.8,7.5,86,6.7,26.4
2023-11-27,10.9,11.9,10.1,90,10.9,26.2
2023-11-28,8.5,10.6,6.1,72,0.0,18.7
2023-11-29,7.6,9.8,5.0,84,1.3,14.3
2023-11-30,7.5,9.2,5.2,88,8.4,24.9
2023-12-01,5.1,7.8,3.3,85,0.0,20.6
2023-12-02,4.7,7.3,1.0,77,1.8,21.4
2023-12-03,9.9,11.8,7.6,80,18.0,49.2
2023-12-04,9.4,10.9,7.3,82,6.4,37.5
2023-12-05,8.3,9.7,5.2,62,0.0,30.8
2023-12-06,7.4,10.8,2.8,81,2.9,33.5
2023-12-07,11.6,13.5,10.9,91,25.0,35.5
2023-12-08,10.7,11.9,9.4,81,1.8,27.5
2023-12-09,12.7,14.2,11.2,87,18.3,38.7
2023-12-10,12.5,14.6,10.9,89,4.0,35.4
2023-12-11,12.3,13.5,11.6,93,9.5,23.2
2023-12-12,11.3,12.6,9.9,86,10.0,34.2
2023-12-13,9.4,10.1,8.7,83,3.4,28.5
2023-12-14,10.4,12.1,8.3,82,1.3,21.6
2023-12-15,9.4,11.2,6.2,80,0.0,11.5
2023-12-16,8.5,10.1,5.7,85,0.0,14.1
2023-12-17,9.4,11.2,5.6,82,0.0,22.4
2023-12-18,10.7,11.9,9.8,82,0.0,21.2
2023-12-19,11.6,13.1,8.7,90,4.6,30.3
2023-12-20,10.4,11.9,8.8,78,0.1,30.3
2023-12-21,11.7,11.9,11.4,86,0.6,32.7
2023-12-22,11.1,11.6,10.4,82,0.4,30.8
2023-12-23,11.0,11.8,10.2,86,0.5,26.2
2023-12-24,11.7,12.8,10.6,87,0.6,31.2
2023-12-25,12.1,12.6,11.6,88,1.3,29.7
2023-12-26,11.3,12.2,10.4,93,5.3,27.2
2023-12-27,12.1,13.4,11.4,86,8.7,48.0
2023-12-28,11.5,12.2,10.9,80,5.8,37.3
2023-12-29,11.3,12.5,9.9,85,3.1,34.4
2023-12-30,11.2,12.5,9.8,88,8.4,49.5
2023-12-31,9.1,10.4,7.7,71,10.0,47.5
2024-01-01,10.6,12.6,8.9,78,14.3,48.7
2024-01-02,12.3,13.5,10.1,89,18.5,47.1
2024-01-03,10.8,11.9,9.9,77,11.0,42.4
2024-01-04,9.8,11.2,7.6,84,18.6,46.9
2024-01-05,7.2,9.1,5.8,84,1.4,21.2
2024-01-06,6.8,8.5,5.7,80,1.6,19.2
2024-01-07,5.8,8.2,4.4,76,0.0,17.7
2024-01-08,3.3,5.1,0.3,76,0.0,23.9
2024-01-09,-0.9,1.2,-3.4,80,0.2,13.5
2024-01-10,0.2,2.2,-2.5,77,0.1,16.4
2024-01-11,3.2,6.8,-0.8,80,0.2,28.8
2024-01-12,5.7,7.3,4.4,79,0.0,22.1
2024-01-13,2.1,4.6,0.6,87,0.5,14.8
2024-01-14,3.1,5.2,-0.2,93,6.2,13.2
2024-01-15,4.9,6.8,2.5,78,1.5,17.9
2024-01-16,2.6,4.1,1.5,74,2.8,18.2
2024-01-17,4.7,5.7,3.0,94,51.4,31.9
2024-01-18,4.1,6.0,0.3,65,0.0,24.2
2024-01-19,1.3,5.3,-2.0,78,0.0,10.0
2024-01-20,4.6,8.4,-0.1,80,0.0,38.3
2024-01-21,11.2,12.4,8.6,89,14.7,46.0
2024-01-22,11.1,12.7,9.9,83,5.8,49.2
2024-01-23,11.6,13.1,9.6,92,1.5,35.9
2024-01-24,12.0,13.1,11.1,95,3.4,35.6
2024-01-25,11.8,12.7,11.1,95,3.1,29.0
2024-01-26,9.4,12.2,2.8,82,3.5,31.3
2024-01-27,6.8,10.6,2.7,89,0.0,21.0
2024-01-28,10.6,13.2,8.9,93,0.0,22.8
2024-01-29,11.9,14.5,9.6,87,0.3,32.2
2024-01-30,8.1,9.8,5.1,80,0.0,16.9
2024-01-31,8.4,11.4,3.5,92,0.3,23.4
2024-02-01,11.0,12.2,8.9,93,0.3,16.6
2024-02-02,10.6,12.1,9.4,92,0.2,16.9
2024-02-03,10.0,11.0,9.4,89,0.2,13.7
2024-02-04,9.6,10.6,8.9,86,0.1,17.1
2024-02-05,10.0,11.0,9.0,90,0.7,21.4
2024-02-06,11.2,12.4,10.4,93,2.0,32.8
2024-02-07,11.8,12.4,11.2,97,16.9,34.5
2024-02-08,11.9,12.8,10.8,93,29.9,44.7
2024-02-09,10.7,11.9,9.4,90,8.4,35.5
2024-02-10,9.1,10.6,8.1,78,2.2,35.4
2024-02-11,9.0,10.1,7.6,76,1.8,35.4
2024-02-12,8.0,10.6,5.8,78,1.8,16.2
2024-02-13,11.1,12.8,8.6,86,14.9,28.8
2024-02-14,12.3,13.4,11.4,95,4.3,30.6
2024-02-15,13.2,15.9,11.5,90,3.4,22.4
2024-02-16,11.0,12.8,9.6,88,0.2,21.2
2024-02-17,11.5,12.5,10.4,94,0.1,27.3
2024-02-18,11.8,12.6,10.3,92,8.3,28.9
2024-02-19,10.5,12.5,8.9,91,0.5,22.8
2024-02-20,10.2,10.9,9.2,87,0.3,25.3
2024-02-21,11.2,12.6,10.2,91,22.9,37.4
2024-02-22,9.4,11.6,5.9,85,10.5,50.0
2024-02-23,5.8,7.4,4.4,81,8.5,33.6
2024-02-24,7.5,10.0,4.7,72,8.3,28.1
2024-02-25,9.2,11.7,7.3,87,11.0,29.1
2024-02-26,7.7,8.5,6.9,74,6.9,48.8
2024-02-27,8.1,10.1,4.8,72,0.1,27.3
2024-02-28,10.8,12.0,9.4,97,2.9,22.7
2024-02-29,9.1,10.9,6.5,87,14.5,26.0
2024-03-01,7.0,8.6,5.4,73,11.3,42.5
2024-03-02,6.5,8.5,4.4,75,1.8,33.2
2024-03-03,6.6,9.4,3.5,70,0.1,18.8
2024-03-04,8.2,10.7,6.2,79,15.1,41.5
2024-03-05,7.6,10.5,4.9,75,2.2,22.1
2024-03-06,8.6,12.0,4.8,89,11.2,17.3
2024-03-07,9.2,13.4,5.8,72,0.0,28.3
2024-03-08,9.5,12.2,7.2,76,2.2,28.0
2024-03-09,8.2,10.9,6.7,86,2.4,23.8
2024-03-10,7.3,11.2,3.1,87,1.5,16.3
2024-03-11,8.9,11.6,6.4,83,1.0,25.0
2024-03-12,11.2,12.4,8.8,92,3.5,28.9
2024-03-13,11.2,13.3,9.9,89,0.2,26.0
2024-03-14,11.6,13.4,9.6,90,6.2,35.4
2024-03-15,11.9,13.1,10.1,90,7.8,35.4
2024-03-16,11.7,13.4,9.9,91,4.1,26.9
2024-03-17,11.7,13.1,11.1,93,4.0,23.7
2024-03-18,11.4,12.9,10.6,92,3.6,25.2
2024-03-19,11.2,13.0,10.1,89,0.3,23.5
2024-03-20,11.5,15.1,9.2,86,0.5,14.8
2024-03-21,10.3,13.8,7.5,91,0.0,11.0
2024-03-22,10.0,12.4,8.1,85,1.2,20.6
2024-03-23,8.4,10.2,7.3,71,0.8,35.2
2024-03-24,9.1,10.9,7.8,74,0.6,24.1
2024-03-25,8.8,9.4,7.2,86,10.7,29.2
2024-03-26,7.8,10.5,5.2,77,0.7,15.3
2024-03-27,7.3,9.4,3.2,75,17.3,38.0
2024-03-28,8.1,10.6,4.9,77,13.1,58.4
2024-03-29,9.6,11.4,7.8,72,9.0,42.0
2024-03-30,9.5,11.9,7.9,75,4.4,30.5
2024-03-31,8.6,10.3,7.4,86,8.1,23.7
2024-04-01,9.4,11.2,7.8,82,11.1,40.0
2024-04-02,10.6,11.9,9.1,86,25.8,42.1
2024-04-03,11.7,13.1,10.0,86,6.6,36.8
2024-04-04,12.2,13.2,11.4,90,8.3,35.2
2024-04-05,12.9,15.1,11.7,86,5.4,37.2
2024-04-06,13.8,17.0,11.2,75,5.8,45.9
2024-04-07,12.0,13.6,10.9,83,2.2,37.2
2024-04-08,10.6,12.4,7.7,81,3.6,44.6
2024-04-09,9.5,11.4,7.4,69,2.7,39.2
2024-04-10,11.3,12.9,8.6,88,1.5,27.0
2024-04-11,12.2,13.8,10.5,90,0.0,20.3
2024-04-12,13.2,17.3,10.3,84,0.0,20.9
2024-04-13,13.1,16.1,11.1,87,0.0,15.1
2024-04-14,10.9,14.9,8.1,78,0.3,16.0
2024-04-15,10.5,12.1,8.9,72,2.2,38.6
2024-04-16,9.7,11.7,8.1,67,0.4,27.5
2024-04-17,9.4,10.9,7.4,69,0.1,26.6
2024-04-18,10.3,13.9,5.4,75,0.4,17.6
2024-04-19,9.5,13.1,4.8,81,0.0,17.9
2024-04-20,10.3,14.4,6.8,74,0.0,20.9
2024-04-21,8.4,12.9,4.4,66,0.0,26.1
2024-04-22,9.0,12.7,5.1,67,0.0,19.7
2024-04-23,10.4,13.3,6.8,78,0.6,17.6
2024-04-24,10.5,13.8,8.6,80,3.6,18.1
2024-04-25,9.7,13.1,7.5,75,1.8,15.9
2024-04-26,9.8,11.9,6.6,78,6.0,17.8
2024-04-27,9.7,12.9,5.4,67,0.2,15.3
2024-04-28,9.7,13.2,7.0,76,0.6,15.6
2024-04-29,11.4,13.4,8.4,69,1.4,33.5
2024-04-30,11.0,12.2,8.5,81,15.9,38.2
2024-05-01,10.6,13.6,8.2,77,1.5,14.4
2024-05-02,10.6,12.8,8.5,79,0.6,20.7
2024-05-03,10.5,13.1,7.9,79,1.0,14.3
2024-05-04,11.3,13.9,8.6,82,1.0,24.0
2024-05-05,12.3,13.6,10.6,84,4.1,28.2
2024-05-06,11.8,14.6,9.1,83,3.3,21.8
2024-05-07,13.4,17.4,10.5,84,0.0,22.2
2024-05-08,14.1,19.4,8.8,81,0.0,15.0
2024-05-09,15.2,21.8,8.9,70,0.0,15.3
2024-05-10,17.2,23.3,12.2,69,0.0,17.4
2024-05-11,18.4,24.0,14.8,72,0.0,16.1
2024-05-12,13.9,15.9,12.2,86,7.1,19.0
2024-05-13,13.6,14.6,12.4,89,26.7,37.2
2024-05-14,13.1,15.2,11.7,82,4.1,32.3
2024-05-15,12.5,14.2,10.9,85,4.7,27.2
2024-05-16,12.9,15.6,10.6,83,15.7,19.9
2024-05-17,12.7,16.1,9.1,86,5.2,10.8
2024-05-18,13.7,18.6,9.6,84,0.5,13.1
2024-05-19,14.7,19.0,10.7,85,1.7,11.7
2024-05-20,14.8,19.6,10.6,80,0.1,19.7
2024-05-21,14.2,18.2,11.1,83,0.8,16.7
2024-05-22,13.5,15.7,12.0,83,1.0,17.0
2024-05-23,13.2,16.1,10.1,80,1.4,19.1
2024-05-24,12.0,14.9,8.6,74,0.6,7.5
2024-05-25,12.9,16.9,9.1,78,5.4,26.3
2024-05-26,13.3,15.1,11.6,82,1.4,25.8
2024-05-27,12.6,14.9,10.9,79,6.4,27.7
2024-05-28,14.3,14.9,13.7,93,9.4,30.8
2024-05-29,14.4,16.6,12.5,91,2.6,22.2
2024-05-30,13.6,15.6,11.9,81,1.8,29.7
2024-05-31,14.1,16.7,11.8,79,1.0,22.0
2024-06-01,14.0,16.9,11.1,78,0.0,29.1
2024-06-02,13.8,17.2,10.1,77,0.0,21.8
2024-06-03,15.6,20.7,11.1,78,0.0,15.8
2024-06-04,14.7,17.1,12.8,85,0.4,19.6
2024-06-05,14.2,16.5,10.4,73,0.1,14.8
2024-06-06,12.6,16.0,7.3,67,0.4,16.1
2024-06-07,13.2,17.6,7.7,68,0.0,16.1
2024-06-08,13.3,16.8,8.6,78,1.2,18.4
2024-06-09,13.7,17.1,10.4,72,0.0,20.7
2024-06-10,13.9,16.3,12.1,74,0.9,23.2
2024-06-11,13.0,16.2,9.7,67,0.3,18.9
2024-06-12,12.7,16.1,9.2,69,1.6,13.8
2024-06-13,12.9,14.6,9.3,81,9.2,36.0
2024-06-14,13.7,15.6,11.3,80,12.1,38.2
2024-06-15,13.4,14.9,11.6,77,2.2,32.6
2024-06-16,14.2,16.1,12.5,80,1.6,18.4
2024-06-17,15.6,18.5,12.9,86,1.9,13.4
2024-06-18,15.6,17.3,13.9,88,7.7,22.2
2024-06-19,15.9,18.9,13.1,79,0.0,31.4
2024-06-20,16.4,20.1,13.4,81,1.1,23.7
2024-06-21,14.1,16.2,11.9,86,5.5,29.3
2024-06-22,14.9,16.6,12.5,85,1.8,19.6
2024-06-23,17.1,19.9,15.1,90,0.9,11.5
2024-06-24,18.3,22.1,14.6,84,0.1,13.3
2024-06-25,18.8,23.0,15.4,78,0.0,21.3
2024-06-26,18.5,24.1,14.4,83,0.0,18.9
2024-06-27,15.7,18.5,13.4,82,0.5,19.8
2024-06-28,14.8,17.5,11.8,69,0.0,14.0
2024-06-29,14.3,19.4,8.8,75,0.4,14.8
2024-06-30,16.1,19.7,13.1,82,1.2,16.5
2024-07-01,15.4,17.8,13.2,73,0.6,18.6
2024-07-02,15.9,18.6,12.9,79,1.8,20.2
2024-07-03,15.1,17.8,11.9,87,3.0,25.2
2024-07-04,15.3,17.0,13.9,71,0.0,20.6
2024-07-05,16.1,18.4,14.4,88,4.7,30.7
2024-07-06,14.4,16.0,12.3,72,1.4,27.9
2024-07-07,14.0,15.8,13.1,80,2.6,22.4
2024-07-08,15.4,17.3,14.1,92,31.5,31.9
2024-07-09,16.7,17.8,15.1,93,10.7,28.8
2024-07-10,16.1,18.7,14.5,87,2.1,20.9
2024-07-11,14.0,16.8,11.1,89,3.6,16.9
2024-07-12,14.1,16.1,11.8,81,1.9,25.6
2024-07-13,14.7,18.2,11.8,82,1.7,12.7
2024-07-14,14.1,18.6,10.1,84,5.7,14.9
2024-07-15,15.9,17.2,14.9,88,27.7,22.1
2024-07-16,16.3,19.2,14.3,84,1.4,20.6
2024-07-17,16.3,20.2,12.5,81,0.0,10.1
2024-07-18,18.0,22.4,14.1,82,0.1,10.5
2024-07-19,16.8,20.2,13.1,91,0.1,15.9
2024-07-20,17.5,18.5,16.7,96,5.4,21.8
2024-07-21,16.6,18.1,14.8,80,1.2,24.1
2024-07-22,17.4,18.9,16.4,93,4.1,23.4
2024-07-23,17.1,19.1,13.8,84,0.9,17.2
2024-07-24,15.5,18.1,12.1,84,0.9,13.6
2024-07-25,16.9,18.2,15.1,94,4.8,22.3
2024-07-26,16.7,18.5,13.8,86,0.5,12.4
2024-07-27,15.4,19.1,11.3,83,0.3,14.9
2024-07-28,17.5,24.1,12.4,75,0.0,19.1
2024-07-29,20.4,26.8,15.8,74,0.0,15.5
2024-07-30,19.7,24.3,15.6,80,1.6,18.5
2024-07-31,21.4,26.9,17.1,76,3.9,18.2
2024-08-01,18.4,22.0,16.1,85,0.0,18.1
2024-08-02,17.4,19.9,13.9,85,1.7,19.5
2024-08-03,18.0,20.9,13.6,90,4.0,21.5
2024-08-04,16.0,19.3,12.2,79,0.0,15.2
2024-08-05,18.0,20.3,15.4,88,0.1,22.8
2024-08-06,18.1,19.6,15.8,82,2.3,20.3
2024-08-07,16.9,19.0,15.1,81,1.2,19.6
2024-08-08,17.9,19.5,15.5,86,0.3,24.7
2024-08-09,18.4,20.4,14.8,85,1.1,20.5
2024-08-10,18.4,22.0,14.6,85,0.0,12.0
2024-08-11,23.3,31.2,16.7,73,0.0,20.3
2024-08-12,19.6,23.1,15.6,83,0.5,16.9
2024-08-13,17.6,19.8,15.4,84,5.2,26.5
2024-08-14,17.3,20.1,14.1,80,0.4,22.8
2024-08-15,17.2,19.0,13.4,89,2.7,26.8
2024-08-16,19.0,21.6,15.6,90,4.2,18.6
2024-08-17,16.1,19.1,13.1,73,0.0,15.8
2024-08-18,16.9,19.7,13.9,79,1.1,18.4
2024-08-19,16.5,19.5,12.7,89,3.5,28.8
2024-08-20,17.6,19.2,14.5,82,2.0,23.4
2024-08-21,15.7,18.1,12.6,74,0.0,19.3
2024-08-22,17.4,19.0,15.8,84,4.1,27.9
2024-08-23,18.0,19.5,17.0,84,1.4,30.9
2024-08-24,16.2,18.1,14.2,84,38.0,30.4
2024-08-25,15.5,18.0,12.9,72,0.7,22.9
2024-08-26,17.5,19.8,15.1,79,1.1,21.7
2024-08-27,17.7,22.4,14.2,78,0.0,18.2
2024-08-28,17.7,20.1,14.9,83,0.2,14.5
2024-08-29,15.8,20.1,11.8,83,0.1,14.8
2024-08-30,15.6,20.0,12.2,83,0.0,20.2
2024-08-31,18.3,23.0,14.8,86,14.6,19.6
2024-09-01,18.8,23.4,16.4,91,0.5,18.1
2024-09-02,17.6,18.9,16.7,90,13.1,20.6
2024-09-03,16.2,18.6,13.2,83,1.3,18.6
2024-09-04,14.8,17.7,13.3,82,0.5,23.4
2024-09-05,14.0,17.9,9.0,78,0.9,11.9
2024-09-06,14.7,17.2,12.1,82,1.3,15.9
2024-09-07,15.4,19.4,12.8,90,2.0,13.7
2024-09-08,15.7,17.5,14.1,94,18.9,27.2
2024-09-09,15.0,16.1,12.4,79,0.3,22.6
2024-09-10,15.5,17.5,12.2,83,2.7,29.4
2024-09-11,13.9,15.8,11.8,74,0.9,26.1
2024-09-12,12.7,15.2,10.4,72,0.6,22.1
2024-09-13,12.1,16.5,8.6,70,0.0,11.9
2024-09-14,12.6,17.3,8.9,75,0.0,11.0
2024-09-15,13.1,18.0,8.4,75,0.0,9.2
2024-09-16,15.0,19.5,11.8,84,0.3,18.8
2024-09-17,15.6,19.2,12.8,81,0.0,25.2
2024-09-18,17.2,20.7,14.6,84,0.1,28.1
2024-09-19,18.2,22.4,15.5,83,0.3,24.9
2024-09-20,17.7,21.4,15.2,83,0.1,22.9
2024-09-21,15.7,19.7,12.6,90,18.9,14.8
2024-09-22,14.5,17.0,12.1,92,2.4,15.7
2024-09-23,14.7,16.1,13.4,91,5.7,25.2
2024-09-24,14.7,17.3,12.9,90,4.1,14.6
2024-09-25,15.0,16.7,13.6,90,8.5,28.2
2024-09-26,14.6,15.9,12.1,80,3.5,36.8
2024-09-27,12.2,14.2,11.0,75,7.4,40.1
2024-09-28,11.4,15.1,7.7,74,0.0,13.7
2024-09-29,14.0,16.0,10.8,83,7.1,44.5
2024-09-30,14.8,16.1,12.8,88,2.3,41.0
2024-10-01,12.5,15.9,8.9,86,0.1,18.4
2024-10-02,12.9,15.9,10.6,87,0.3,18.4
2024-10-03,13.8,17.5,11.4,83,0.5,16.9
2024-10-04,12.3,15.6,9.6,84,0.4,21.8
2024-10-05,12.7,15.8,10.6,82,14.1,30.2
2024-10-06,14.9,16.6,12.5,92,7.0,28.9
2024-10-07,14.6,16.4,13.6,86,5.6,38.9
2024-10-08,14.3,15.4,13.6,87,14.2,40.0
2024-10-09,13.6,15.6,12.2,88,2.0,24.7
2024-10-10,11.8,14.7,8.1,83,0.5,20.5
2024-10-11,10.5,14.4,6.8,79,0.1,14.8
2024-10-12,12.2,15.0,9.9,88,10.3,14.8
2024-10-13,11.2,15.1,5.9,88,0.1,17.2
2024-10-14,15.2,16.9,13.9,95,0.9,21.2
2024-10-15,16.6,19.2,14.4,94,8.1,26.6
2024-10-16,15.9,17.1,14.0,98,12.1,22.6
2024-10-17,13.9,15.9,12.4,88,0.7,16.8
2024-10-18,13.9,16.2,10.7,88,2.2,27.3
2024-10-19,14.0,15.9,12.1,85,6.2,38.1
2024-10-20,15.5,17.0,13.6,91,23.4,43.5
2024-10-21,13.1,14.1,11.8,93,15.0,12.3
2024-10-22,13.0,15.8,11.1,87,0.7,18.5
2024-10-23,12.4,14.9,10.2,89,0.1,16.4
2024-10-24,15.6,19.0,12.2,88,4.4,34.7
2024-10-25,13.5,14.6,12.7,76,3.2,30.3
2024-10-26,12.8,15.4,9.7,74,0.0,24.7
2024-10-27,12.0,15.4,9.0,86,0.4,9.8
2024-10-28,12.8,14.9,9.1,91,0.2,19.5
2024-10-29,14.3,15.8,12.6,92,2.0,18.1
2024-10-30,13.0,16.2,10.8,89,0.2,18.4
2024-10-31,12.7,16.9,10.4,92,0.0,13.5
2024-11-01,14.2,17.0,12.2,93,0.1,14.6
2024-11-02,13.3,14.6,11.9,89,0.0,14.4
2024-11-03,10.9,13.2,9.6,90,0.0,10.2
2024-11-04,12.6,17.2,8.6,92,0.0,12.3
2024-11-05,13.3,16.0,11.6,95,0.0,14.1
2024-11-06,14.2,17.4,12.8,95,0.0,12.1
2024-11-07,12.9,15.9,9.6,91,0.0,16.2
2024-11-08,12.8,15.8,9.7,91,0.0,13.3
2024-11-09,13.2,14.8,11.9,90,0.0,8.6
2024-11-10,13.3,15.3,11.3,95,0.2,12.5
2024-11-11,10.8,14.5,6.7,92,0.0,12.6
2024-11-12,9.9,12.2,7.9,80,0.0,26.8
2024-11-13,10.0,11.9,8.4,78,0.0,25.5
2024-11-14,9.9,12.4,8.1,88,0.3,17.9
2024-11-15,9.0,11.9,6.4,89,0.0,11.3
2024-11-16,8.6,10.8,5.8,85,0.0,6.4
2024-11-17,11.1,11.9,10.1,81,0.3,15.2
2024-11-18,11.8,12.8,10.9,89,4.6,29.9
2024-11-19,11.4,12.8,8.6,88,9.7,35.0
2024-11-20,7.3,8.6,6.2,77,0.7,16.5
2024-11-21,6.9,12.9,4.1,84,20.7,50.4
2024-11-22,6.5,9.6,1.3,76,6.7,20.2
2024-11-23,13.2,15.9,10.1,83,12.0,46.0
2024-11-24,15.4,17.6,11.0,80,23.8,56.3
2024-11-25,11.0,12.4,9.5,75,2.0,20.2
2024-11-26,10.6,13.1,8.3,84,10.7,37.7
2024-11-27,12.0,13.8,7.9,91,10.9,33.7
2024-11-28,10.8,13.6,7.8,92,1.0,17.0
2024-11-29,12.9,14.2,11.2,93,0.4,27.1
2024-11-30,13.9,15.6,13.2,94,0.9,26.2
2024-12-01,13.3,14.2,11.6,94,4.9,30.5
2024-12-02,10.2,11.5,8.2,77,0.6,22.1
2024-12-03,8.8,10.2,6.8,82,0.4,10.3
2024-12-04,8.9,12.6,5.4,89,1.7,27.8
2024-12-05,13.6,14.4,12.6,95,9.2,32.6
2024-12-06,11.7,14.1,8.9,82,3.7,39.3
2024-12-07,9.6,13.8,6.7,69,2.8,48.9
2024-12-08,8.5,10.1,7.5,66,4.1,45.2
2024-12-09,8.2,8.9,7.2,83,4.3,28.9
2024-12-10,7.4,8.3,5.9,86,1.9,24.7
2024-12-11,6.9,8.0,5.9,81,0.0,17.9
2024-12-12,4.5,7.3,2.2,82,0.0,15.7
2024-12-13,3.3,4.9,1.4,90,1.6,10.3
2024-12-14,7.7,9.1,4.9,85,4.0,18.2
2024-12-15,10.6,11.9,9.2,85,0.1,16.4
2024-12-16,10.5,11.4,9.8,89,1.7,16.5
2024-12-17,11.0,13.3,9.3,86,2.9,36.0
2024-12-18,13.4,13.9,13.1,95,8.0,40.5
2024-12-19,9.2,12.4,7.8,71,2.5,36.1
2024-12-20,9.6,10.8,8.1,78,5.5,36.2
2024-12-21,11.3,12.9,9.1,86,1.7,40.7
2024-12-22,9.5,11.7,8.2,68,3.7,41.4
2024-12-23,9.7,11.8,7.8,76,5.9,29.9
2024-12-24,12.1,12.9,11.4,97,1.0,22.3
2024-12-25,11.1,12.2,10.6,95,0.0,6.0
2024-12-26,9.4,11.1,6.2,92,0.0,9.1
2024-12-27,6.1,7.4,3.9,93,0.0,7.0
2024-12-28,6.2,8.1,4.0,89,0.0,10.3
2024-12-29,8.8,10.2,7.8,91,0.0,10.1
2024-12-30,8.1,9.4,7.4,90,0.1,13.1
2024-12-31,10.4,11.9,8.1,89,3.1,31.1
2025-01-01,11.5,12.9,7.6,88,11.2,45.6
2025-01-02,7.1,8.1,6.1,86,8.4,13.0
2025-01-03,4.3,6.0,1.6,75,0.0,15.1
2025-01-04,4.8,13.2,0.4,88,15.4,39.6
2025-01-05,13.0,13.6,12.2,93,19.7,45.3
2025-01-06,8.4,12.6,5.7,75,5.2,45.7
2025-01-07,6.9,8.4,5.6,72,0.2,29.1
2025-01-08,8.0,12.6,3.8,93,20.3,35.2
2025-01-09,7.5,9.9,4.4,77,6.4,26.4
2025-01-10,6.3,11.1,3.0,94,18.8,30.1
2025-01-11,7.5,9.6,5.8,95,0.0,9.2
2025-01-12,5.3,8.2,2.6,88,0.1,15.0
2025-01-13,2.3,4.4,0.9,82,0.0,16.3
2025-01-14,2.7,6.8,0.7,81,0.0,9.8
2025-01-15,4.0,9.5,0.8,78,0.0,7.3
2025-01-16,6.1,9.0,3.2,89,0.0,13.2
2025-01-17,4.5,7.3,1.3,90,0.0,13.5
2025-01-18,3.8,7.0,0.6,93,0.0,9.5
2025-01-19,5.7,8.0,4.1,92,0.2,19.5
2025-01-20,3.6,8.6,0.1,87,0.0,18.7
2025-01-21,3.9,6.9,1.1,93,0.7,13.0
2025-01-22,6.0,9.1,4.0,91,1.2,19.1
2025-01-23,9.1,11.4,4.9,81,0.9,38.5
2025-01-24,10.1,11.9,7.9,92,25.4,53.1
2025-01-25,6.8,8.4,5.3,89,1.9,14.5
2025-01-26,9.4,11.6,6.9,85,26.5,58.4
2025-01-27,8.5,9.7,7.7,74,10.7,48.3
2025-01-28,9.4,10.4,8.6,78,7.4,47.4
2025-01-29,8.9,11.6,7.3,86,21.5,39.6
2025-01-30,7.4,9.1,5.2,72,8.8,38.6
2025-01-31,8.9,11.7,5.3,85,1.4,21.7
2025-02-01,4.9,7.2,2.3,90,0.1,18.9
2025-02-02,8.2,9.6,5.5,85,1.5,24.1
2025-02-03,8.8,10.7,7.2,91,1.3,17.3
2025-02-04,9.9,11.6,7.8,89,2.8,26.5
2025-02-05,7.6,11.2,4.8,81,0.1,10.7
2025-02-06,6.5,9.4,4.1,82,0.0,22.5
2025-02-07,3.9,6.0,2.3,78,0.6,19.8
2025-02-08,5.0,7.4,2.5,80,2.2,20.8
2025-02-09,5.7,8.8,3.5,81,0.0,21.4
2025-02-10,4.7,8.2,2.0,84,0.1,18.7
2025-02-11,4.6,8.9,1.2,85,0.0,15.4
2025-02-12,7.1,9.7,4.5,92,0.7,14.2
2025-02-13,7.6,8.9,6.4,93,7.8,22.1
2025-02-14,8.5,9.6,7.4,95,5.3,22.6
2025-02-15,8.1,11.9,5.0,74,2.7,19.5
2025-02-16,6.1,9.2,3.0,73,0.6,13.6
2025-02-17,8.6,11.4,5.8,90,2.0,16.8
2025-02-18,9.3,13.8,5.9,81,0.0,20.5
2025-02-19,10.8,12.6,9.1,88,1.8,27.7
2025-02-20,12.3,13.2,11.8,95,14.4,36.8
2025-02-21,12.2,13.8,9.8,89,10.5,44.2
2025-02-22,10.3,12.9,8.6,87,0.7,18.4
2025-02-23,10.5,12.0,9.0,91,6.4,39.8
2025-02-24,11.4,12.8,9.4,89,16.0,47.5
2025-02-25,8.8,10.4,7.4,78,6.7,24.9
2025-02-26,9.0,10.8,7.2,77,5.0,38.5
2025-02-27,6.7,10.0,4.1,74,0.4,15.8
2025-02-28,5.8,10.4,1.7,74,0.0,18.1
2025-03-01,5.5,9.6,2.2,75,0.0,22.2
2025-03-02,6.0,9.6,2.8,74,0.0,23.4
2025-03-03,5.8,11.1,2.0,84,0.0,16.0
2025-03-04,6.6,12.6,2.2,84,0.0,14.9
2025-03-05,8.8,15.9,3.5,77,0.0,14.3
2025-03-06,11.4,15.3,8.6,78,0.0,28.8
2025-03-07,11.7,14.4,9.7,87,0.3,23.7
2025-03-08,13.0,15.5,11.2,78,1.2,30.6
2025-03-09,11.5,13.6,10.2,88,7.8,25.8
2025-03-10,10.3,12.2,8.8,91,6.3,10.6
2025-03-11,8.8,10.9,7.4,89,0.1,22.7
2025-03-12,6.3,8.1,4.5,78,0.6,14.9
2025-03-13,5.0,7.8,3.0,78,1.7,21.3
2025-03-14,5.0,8.8,2.2,77,0.3,17.3
2025-03-15,5.3,8.4,3.0,72,0.1,25.6
2025-03-16,5.8,8.1,4.3,70,0.3,23.4
2025-03-17,7.1,10.9,3.8,74,0.0,22.8
2025-03-18,8.6,14.4,4.0,68,0.0,19.0
2025-03-19,11.5,15.6,8.5,75,0.3,29.6
2025-03-20,12.6,16.6,10.1,76,0.6,27.2
2025-03-21,11.8,14.8,10.3,85,10.4,34.4
2025-03-22,11.5,13.2,10.2,90,2.2,31.2
2025-03-23,10.1,12.6,7.6,93,0.7,22.7
2025-03-24,10.4,12.0,9.1,86,0.1,19.3
2025-03-25,10.0,11.8,8.6,84,1.1,13.0
2025-03-26,11.3,15.4,8.8,91,1.0,12.5
2025-03-27,10.3,14.9,8.0,91,0.2,12.2
2025-03-28,10.4,12.2,7.9,82,2.2,25.0
2025-03-29,9.7,11.9,7.3,71,0.1,19.4
2025-03-30,11.8,14.2,8.7,87,0.4,18.1
2025-03-31,11.4,17.8,6.5,82,0.0,18.0
2025-04-01,11.9,17.6,7.6,65,0.0,22.0
2025-04-02,10.8,15.0,6.3,64,0.0,26.3
2025-04-03,10.9,13.6,8.7,82,8.5,28.5
2025-04-04,14.3,19.5,10.4,80,0.1,19.0
2025-04-05,15.8,21.0,11.6,73,0.0,16.9
2025-04-06,13.2,19.2,9.9,86,0.0,14.7
2025-04-07,12.7,19.7,6.8,72,0.0,16.2
2025-04-08,12.5,19.8,6.9,69,0.0,16.7
2025-04-09,10.9,16.0,6.9,71,0.0,21.6
2025-04-10,10.9,17.5,6.4,79,0.0,18.5
2025-04-11,12.5,20.4,5.9,72,0.0,17.9
2025-04-12,13.7,16.7,10.9,78,5.1,17.2
2025-04-13,11.1,12.9,9.4,76,0.7,19.6
2025-04-14,10.3,11.8,9.1,83,7.3,22.2
2025-04-15,8.6,10.2,7.3,90,16.3,36.1
2025-04-16,8.6,10.8,6.7,77,4.7,18.8
2025-04-17,9.4,12.2,5.2,80,0.6,23.8
2025-04-18,11.9,13.1,10.6,93,26.2,33.5
2025-04-19,12.2,15.9,9.4,83,6.1,26.0
2025-04-20,11.2,14.4,8.9,85,0.3,22.5
2025-04-21,11.7,14.1,9.6,80,1.3,17.8
2025-04-22,11.1,13.8,8.4,80,5.6,31.7
2025-04-23,12.3,13.7,10.9,86,3.5,31.4
2025-04-24,12.6,15.8,10.1,83,0.4,12.2
2025-04-25,12.3,16.4,9.7,86,2.0,12.2
2025-04-26,12.5,15.6,10.4,86,12.4,13.9
2025-04-27,11.9,17.5,7.6,86,0.1,13.9
2025-04-28,15.2,21.4,9.9,73,0.0,17.4
2025-04-29,18.2,23.6,13.8,66,0.0,18.5
2025-04-30,19.6,24.8,15.1,63,0.0,20.3
2025-05-01,17.2,20.3,12.9,75,0.0,21.0
2025-05-02,14.5,19.5,10.6,83,0.0,19.0
2025-05-03,15.2,20.8,11.4,84,6.3,18.8
2025-05-04,12.8,15.7,9.8,74,0.2,29.0
2025-05-05,9.8,11.6,7.6,68,0.0,24.7
2025-05-06,10.1,13.1,7.1,67,0.0,23.1
2025-05-07,10.6,14.4,7.2,73,0.1,19.8
2025-05-08,10.9,14.2,8.4,77,0.3,22.0
2025-05-09,12.2,16.0,8.4,77,1.4,20.4
2025-05-10,13.0,17.6,10.3,76,9.1,26.9
2025-05-11,13.6,16.5,11.4,89,14.4,14.0
2025-05-12,12.6,16.4,9.3,88,3.2,9.4
2025-05-13,13.3,16.3,10.9,87,1.6,20.3
2025-05-14,14.2,19.1,9.9,85,3.5,11.1
2025-05-15,13.7,18.5,10.6,75,0.0,20.3
2025-05-16,12.4,17.7,9.2,76,0.0,21.3
2025-05-17,13.2,18.8,8.1,73,0.0,19.7
2025-05-18,14.3,21.0,8.8,74,0.0,20.2
2025-05-19,13.7,17.6,10.1,75,0.0,18.9
2025-05-20,13.8,20.0,8.9,80,0.0,13.4
2025-05-21,13.2,15.9,10.6,80,1.2,22.6
2025-05-22,14.9,18.9,11.4,80,0.0,18.5
2025-05-23,14.7,19.4,10.9,77,0.0,14.2
2025-05-24,15.0,17.2,12.9,88,3.1,26.4
2025-05-25,14.9,16.9,13.1,81,8.2,26.7
2025-05-26,13.9,15.3,12.5,77,1.5,26.4
2025-05-27,15.3,17.1,14.3,87,2.3,33.3
2025-05-28,16.2,18.9,14.9,88,2.4,26.3
2025-05-29,15.7,17.7,13.9,89,1.0,19.7
2025-05-30,16.4,21.8,13.4,83,0.0,16.1
2025-05-31,15.2,18.6,12.1,88,0.4,17.5
2025-06-01,14.9,17.1,13.3,81,1.3,21.0
2025-06-02,14.8,18.1,11.9,73,0.0,14.0
2025-06-03,14.4,15.9,12.6,81,3.9,32.9
2025-06-04,14.0,16.5,12.0,80,1.8,20.0
2025-06-05,14.5,16.5,13.2,90,8.4,25.8
2025-06-06,13.7,15.2,12.6,85,4.4,24.3
2025-06-07,14.3,16.1,12.8,85,2.9,30.8
2025-06-08,14.3,16.9,11.8,73,0.0,18.3
2025-06-09,14.5,17.4,11.4,76,0.0,11.3
2025-06-10,15.4,19.3,10.8,84,0.3,12.3
2025-06-11,19.1,27.6,12.4,81,0.7,17.6
2025-06-12,17.7,20.7,15.9,88,7.1,31.7
2025-06-13,16.3,19.5,14.1,87,13.0,29.3
2025-06-14,15.7,17.2,13.9,82,2.1,22.1
2025-06-15,15.4,18.3,12.4,80,0.1,16.0
2025-06-16,16.6,21.0,13.5,83,0.5,14.3
2025-06-17,16.5,22.2,11.6,83,0.0,14.2
2025-06-18,19.0,26.5,12.9,78,0.0,15.7
2025-06-19,23.0,29.6,16.8,62,0.0,15.4
2025-06-20,23.9,27.5,20.2,63,0.0,16.1
2025-06-21,20.3,25.1,16.5,76,0.0,18.6
2025-06-22,17.8,20.2,15.6,83,2.1,24.2
2025-06-23,17.7,19.8,15.3,74,1.0,21.4
2025-06-24,17.2,21.8,13.4,76,0.0,15.7
2025-06-25,17.4,21.9,13.4,77,0.1,12.5
2025-06-26,17.9,20.6,15.7,92,2.7,24.7
2025-06-27,18.5,19.6,17.5,93,0.8,23.5
2025-06-28,19.3,21.9,17.3,88,0.1,13.6
2025-06-29,20.9,26.6,16.8,83,0.0,16.5
2025-06-30,21.7,27.7,16.6,81,0.0,15.1
2025-07-01,19.9,24.0,17.0,82,0.0,15.2
2025-07-02,17.7,20.6,15.1,72,0.0,22.3
2025-07-03,16.7,21.0,12.4,67,0.0,17.6
2025-07-04,17.8,23.4,13.0,67,0.0,15.0
2025-07-05,16.9,21.0,13.6,84,5.3,23.7
2025-07-06,17.2,18.0,15.4,86,5.5,26.5
2025-07-07,16.4,18.4,14.4,75,0.9,27.9
2025-07-08,16.7,20.4,12.9,75,0.4,18.5
2025-07-09,17.0,21.9,12.5,82,0.3,12.9
2025-07-10,20.3,28.5,13.1,66,0.0,18.5
2025-07-11,23.0,30.0,17.0,54,0.0,23.4
2025-07-12,25.3,32.0,20.2,49,0.0,26.2
2025-07-13,21.1,25.9,18.1,66,0.5,18.8
2025-07-14,18.2,20.5,16.1,71,1.7,27.1
2025-07-15,17.5,19.8,15.6,75,2.4,30.1
2025-07-16,18.8,21.2,17.2,86,0.7,22.3
2025-07-17,18.6,21.6,16.5,83,0.1,17.1
2025-07-18,18.9,23.5,15.3,82,1.3,13.8
2025-07-19,17.3,19.6,15.1,87,18.5,34.9
2025-07-20,16.3,18.0,14.4,84,6.2,32.3
2025-07-21,17.0,19.0,14.9,84,9.7,28.3
2025-07-22,16.9,18.3,15.6,83,2.1,17.1
2025-07-23,16.9,20.0,13.9,82,0.6,18.2
2025-07-24,17.2,20.3,14.6,78,2.4,21.7
2025-07-25,17.2,21.2,13.4,78,0.0,15.3
2025-07-26,17.6,20.2,15.6,86,1.6,20.3
2025-07-27,16.7,19.3,14.9,79,1.2,15.7
2025-07-28,16.9,20.5,13.6,81,0.8,16.9
2025-07-29,17.5,20.2,14.7,89,1.4,20.3
2025-07-30,18.7,21.9,16.2,83,0.9,16.6
2025-07-31,17.9,19.6,16.2,90,2.4,20.8
2025-08-01,17.9,21.2,15.6,79,0.6,19.6
2025-08-02,17.0,20.4,13.9,65,0.0,17.1
2025-08-03,17.3,20.9,13.1,80,0.0,14.5
2025-08-04,18.5,20.8,16.7,89,2.2,23.5
2025-08-05,17.0,19.9,14.4,70,0.1,22.1
2025-08-06,16.7,21.6,12.1,71,0.0,13.6
2025-08-07,17.3,21.3,13.1,79,0.2,19.2
2025-08-08,17.9,20.9,14.4,77,0.1,11.5
2025-08-09,17.0,22.1,11.4,73,0.0,15.1
2025-08-10,18.9,26.0,12.9,72,0.0,17.6
2025-08-11,23.5,31.7,17.7,57,0.0,17.3
2025-08-12,19.6,22.0,17.6,83,0.0,17.6
2025-08-13,18.7,22.2,16.6,83,0.0,15.6
2025-08-14,19.6,24.0,16.9,80,0.0,16.8
2025-08-15,21.5,29.4,15.2,70,0.0,22.2
2025-08-16,25.5,32.8,21.0,56,0.0,22.6
2025-08-17,23.3,29.5,19.8,66,0.0,18.6
2025-08-18,21.0,24.4,18.0,71,0.0,15.0
2025-08-19,18.2,21.5,15.7,90,16.5,14.6
2025-08-20,17.5,19.6,15.9,88,0.3,24.8
2025-08-21,16.3,19.5,13.3,77,0.0,16.9
2025-08-22,15.8,20.2,12.1,77,0.1,14.1
2025-08-23,17.1,23.4,12.1,75,0.0,13.7
2025-08-24,19.9,26.1,14.8,64,0.0,11.8
2025-08-25,20.0,24.8,16.5,68,0.0,14.7
2025-08-26,19.0,21.4,17.0,78,0.8,19.8
2025-08-27,17.1,18.3,15.0,81,6.0,26.7
2025-08-28,16.3,18.8,14.6,78,3.5,26.9
2025-08-29,16.5,18.8,14.1,85,24.2,32.1
2025-08-30,17.4,19.8,15.6,88,3.9,33.0
2025-08-31,16.6,18.5,15.5,74,0.5,27.0
2025-09-01,15.6,17.7,14.0,82,4.5,21.5
2025-09-02,16.9,19.1,15.0,85,17.7,36.2
2025-09-03,17.7,18.6,15.9,85,14.4,43.5
2025-09-04,15.9,17.8,14.2,77,4.6,31.3
2025-09-05,15.8,18.6,13.2,79,0.2,12.3
2025-09-06,17.5,23.4,12.9,75,0.0,26.6
2025-09-07,17.9,19.5,14.6,81,4.6,25.4
2025-09-08,15.4,18.0,13.6,73,0.7,17.5
2025-09-09,15.4,17.3,13.8,79,6.8,32.1
2025-09-10,15.6,17.9,14.4,86,5.5,29.6
2025-09-11,15.4,17.2,13.9,71,2.1,29.6
2025-09-12,14.8,16.9,13.1,71,1.1,24.9
2025-09-13,14.9,16.9,12.6,82,3.0,25.5
2025-09-14,16.3,19.4,13.0,93,2.1,40.0
2025-09-15,15.7,17.0,14.5,77,2.5,34.8
2025-09-16,15.0,16.4,13.9,81,0.9,19.6
2025-09-17,16.6,17.9,15.6,84,0.0,26.3
2025-09-18,16.9,18.2,15.1,91,0.5,20.8
2025-09-19,15.6,18.8,12.5,89,0.0,13.6
2025-09-20,15.7,17.3,13.6,87,3.2,29.9
2025-09-21,13.2,15.8,11.1,85,10.0,28.7
2025-09-22,12.2,14.9,10.6,81,15.6,27.0
2025-09-23,11.9,15.7,9.3,70,0.0,16.9
2025-09-24,12.7,16.5,9.7,78,0.4,16.2
2025-09-25,12.7,16.3,10.2,76,0.0,15.1
2025-09-26,12.9,17.1,9.8,79,0.0,12.0
2025-09-27,14.3,17.0,11.4,81,0.0,23.8
2025-09-28,14.2,16.5,11.4,83,3.0,18.1
2025-09-29,13.2,18.1,10.1,85,0.0,12.6
2025-09-30,12.9,18.1,9.0,87,0.0,11.1
2025-10-01,14.0,18.6,10.6,84,0.0,8.3
2025-10-02,14.7,18.3,11.3,85,0.0,24.7
2025-10-03,17.0,17.6,16.1,95,12.9,37.4
2025-10-04,13.9,17.5,11.8,75,8.9,39.2
2025-10-05,13.2,15.1,12.1,70,0.0,22.6
2025-10-06,12.9,15.8,10.3,80,0.0,8.8
2025-10-07,12.8,17.9,9.5,84,0.0,11.6
2025-10-08,13.1,16.8,10.9,89,0.0,13.6
2025-10-09,13.2,15.5,10.4,82,0.0,15.0
2025-10-10,13.7,16.5,11.6,84,0.2,14.6
2025-10-11,14.0,17.2,11.6,85,0.0,17.4
2025-10-12,14.0,19.5,10.6,87,0.0,18.4
2025-10-13,14.1,18.6,10.6,85,0.0,18.6
2025-10-14,14.8,18.0,12.6,82,0.0,21.1
2025-10-15,13.7,17.0,11.0,82,0.1,20.0
2025-10-16,13.0,16.8,10.4,77,0.0,21.8
2025-10-17,12.4,16.8,8.8,77,0.0,15.9
2025-10-18,12.3,14.9,10.2,78,0.2,20.9
2025-10-19,15.5,16.3,14.2,91,10.6,36.2
2025-10-20,14.0,15.1,13.2,86,8.9,40.8
2025-10-21,13.9,15.2,12.6,86,1.0,21.3
2025-10-22,13.3,16.0,10.6,90,16.9,42.9
2025-10-23,11.0,14.0,9.4,78,5.6,46.0
2025-10-24,10.8,12.1,9.8,72,3.3,27.0
2025-10-25,11.2,12.9,9.9,75,1.6,26.0
2025-10-26,11.7,13.2,10.2,69,0.0,26.9
2025-10-27,13.3,14.4,12.6,88,1.2,30.8
2025-10-28,13.2,14.2,12.4,89,2.6,21.2
2025-10-29,12.1,13.1,10.0,92,9.5,17.5
2025-10-30,12.5,15.4,8.8,82,10.7,41.7
2025-10-31,14.9,16.3,13.6,89,9.4,39.9
2025-11-01,12.7,13.8,10.6,78,6.5,36.7
2025-11-02,11.9,13.4,10.1,80,8.3,32.9
2025-11-03,14.1,15.1,13.1,90,5.0,32.6
2025-11-04,14.9,16.4,14.1,85,4.8,40.8
2025-11-05,16.6,18.2,14.9,80,1.3,30.6
2025-11-06,14.0,16.1,12.8,89,1.1,20.6
2025-11-07,13.0,14.9,11.6,91,10.7,30.3
2025-11-08,11.8,13.9,9.2,86,0.2,14.0
2025-11-09,13.3,14.6,11.9,89,13.2,37.2
2025-11-10,12.6,13.4,11.4,85,9.3,27.2
2025-11-11,14.5,16.2,12.6,84,7.6,43.1
2025-11-12,15.6,17.7,14.3,84,11.7,33.7
2025-11-13,14.9,16.4,13.1,88,0.5,23.2
2025-11-14,14.6,15.8,12.9,89,5.8,30.2
2025-11-15,12.5,14.0,11.2,94,1.9,15.9
2025-11-16,11.6,14.6,9.7,93,0.1,20.9
2025-11-17,9.6,11.4,7.1,76,0.0,21.1
2025-11-18,8.5,10.6,6.8,76,0.3,17.3
2025-11-19,7.7,9.1,5.3,73,1.5,30.6
2025-11-20,4.9,7.2,3.6,72,1.9,22.5
2025-11-21,4.9,8.6,1.9,74,0.2,14.5
2025-11-22,9.2,11.6,5.8,84,16.3,38.7
2025-11-23,11.2,13.0,9.2,83,4.8,30.5
2025-11-24,9.6,10.9,8.4,74,10.6,35.6
2025-11-25,8.9,10.1,7.5,71,0.4,23.7
2025-11-26,8.3,11.4,4.4,82,0.2,16.6
2025-11-27,12.5,13.6,11.4,93,4.3,25.5
2025-11-28,12.2,13.5,11.1,88,3.2,24.0
2025-11-29,10.5,12.4,8.2,80,6.4,40.5
2025-11-30,9.2,11.1,7.4,71,0.0,26.3
2025-12-01,11.8,13.4,9.8,89,16.3,44.9
2025-12-02,8.7,9.7,7.6,82,7.3,22.3
2025-12-03,9.0,11.3,6.3,77,2.0,30.5
2025-12-04,8.1,10.0,6.2,79,5.6,35.6
2025-12-05,9.9,13.4,5.5,80,14.1,45.9
2025-12-06,12.1,12.6,10.9,77,4.1,36.9
2025-12-07,13.9,15.1,12.3,94,19.0,45.8
2025-12-08,13.2,13.8,12.8,94,17.3,37.9
2025-12-09,13.7,15.3,12.1,83,10.4,47.7
2025-12-10,11.7,13.2,9.9,84,0.0,23.7
2025-12-11,11.4,13.1,9.4,88,2.4,31.0
2025-12-12,9.9,12.1,7.8,86,3.0,32.4
2025-12-13,7.5,11.8,5.0,86,0.0,8.9
2025-12-14,9.8,12.4,6.6,91,0.8,27.6
2025-12-15,11.7,12.2,10.9,92,9.5,30.3
2025-12-16,9.5,11.1,6.8,84,0.0,18.4
2025-12-17,9.9,11.9,6.2,78,1.5,36.2
2025-12-18,12.1,13.1,10.4,92,31.9,51.1
2025-12-19,9.8,11.4,8.9,72,0.1,19.2
2025-12-20,9.3,10.6,8.3,79,3.6,32.4
2025-12-21,8.2,9.7,6.9,88,4.0,19.0
2025-12-22,8.9,10.4,6.0,86,7.5,34.5
2025-12-23,8.4,10.1,6.0,86,1.5,26.8
2025-12-24,7.5,8.9,5.6,77,0.0,34.8
2025-12-25,3.0,6.5,-0.2,73,0.8,31.1
2025-12-26,2.3,5.5,-0.3,84,0.0,22.7
2025-12-27,3.9,7.6,1.4,85,0.0,24.3
2025-12-28,3.7,6.9,1.5,86,0.0,21.2
2025-12-29,4.0,6.1,1.9,87,0.0,16.5
2025-12-30,3.5,6.9,0.9,79,0.0,22.7
2025-12-31,2.3,6.2,0.1,71,0.0,15.5
2026-01-01,2.6,5.8,-0.9,87,0.0,9.6
2026-01-02,5.8,8.9,4.2,79,0.0,17.4
2026-01-03,4.6,6.8,2.5,68,0.0,20.8
2026-01-04,2.6,5.4,0.9,79,0.2,9.7
2026-01-05,3.6,5.6,1.2,78,8.6,27.3
2026-01-06,4.1,7.8,-0.1,73,0.0,23.6
2026-01-07,8.6,11.4,7.0,88,11.0,32.3
2026-01-08,10.4,11.9,8.0,90,18.8,53.6
2026-01-09,6.4,8.4,4.8,80,4.6,46.1
2026-01-10,8.1,9.9,6.4,69,0.5,29.9
2026-01-11,10.4,12.6,6.9,89,7.8,38.1
2026-01-12,11.1,12.1,10.3,92,4.8,31.5
2026-01-13,10.8,11.4,10.1,95,18.4,32.2
2026-01-14,9.5,11.4,7.8,92,3.8,27.2
2026-01-15,9.3,10.6,7.6,93,40.4,38.7
2026-01-16,8.3,10.2,7.4,81,4.0,22.7
2026-01-17,7.4,9.9,5.6,85,0.5,13.4
2026-01-18,7.0,10.6,3.8,94,0.0,12.5
2026-01-19,7.2,9.6,5.2,90,1.7,19.7
2026-01-20,7.8,9.9,6.1,88,21.9,48.5
2026-01-21,9.7,11.6,7.2,90,35.2,44.4
2026-01-22,8.4,10.1,7.2,84,5.6,27.5
2026-01-23,7.5,9.0,6.3,83,21.9,54.1
2026-01-24,8.1,9.2,7.3,84,16.3,46.2
2026-01-25,7.0,8.5,5.7,84,7.7,32.2
2026-01-26,8.4,10.5,6.2,88,14.2,43.5
2026-01-27,9.1,12.0,6.1,83,24.7,42.7
2026-01-28,7.5,10.5,5.1,78,1.1,27.7
2026-01-29,8.2,10.1,6.3,91,11.8,27.5
2026-01-30,8.5,10.0,5.9,85,14.0,42.9
2026-01-31,8.4,10.6,6.1,87,12.8,25.3
2026-02-01,9.1,10.8,4.9,88,5.4,27.3
2026-02-02,6.7,9.1,4.4,92,8.6,27.0
2026-02-03,9.3,10.8,7.8,83,0.8,30.0
2026-02-04,7.9,10.0,6.3,88,2.1,36.7
2026-02-05,9.5,10.3,8.6,91,8.1,31.3
2026-02-06,9.7,11.7,8.6,85,6.8,35.1
2026-02-07,9.7,11.6,8.4,87,3.9,32.4
2026-02-08,8.8,11.1,7.8,91,6.9,24.7
2026-02-09,9.5,11.4,7.9,93,14.2,33.7
2026-02-10,11.2,12.9,10.1,95,11.1,32.9
2026-02-11,10.8,11.8,9.6,91,14.3,37.4
2026-02-12,9.8,11.2,8.4,82,3.8,38.5
2026-02-13,8.8,10.2,7.3,88,4.8,19.0
2026-02-14,6.5,7.2,5.3,75,3.1,29.5
2026-02-15,10.5,12.1,6.6,92,19.0,36.7
2026-02-16,9.4,10.6,8.1,72,2.8,35.4
2026-02-17,8.5,10.7,6.7,84,16.8,33.1
2026-02-18,10.1,11.4,8.1,94,23.0,37.9
2026-02-19,9.3,10.8,8.5,84,6.7,40.3
2026-02-20,10.5,11.9,8.8,83,0.8,30.2
2026-02-21,11.5,12.4,10.7,96,2.8,25.3
2026-02-22,11.2,11.8,10.6,96,7.6,27.8
2026-02-23,11.1,12.2,10.0,98,0.4,23.3
2026-02-24,11.4,15.1,8.9,89,0.2,21.7
2026-02-25,11.4,15.9,8.6,85,0.0,14.6
2026-02-26,11.2,12.6,10.5,93,2.2,32.6
2026-02-27,10.9,12.6,8.1,90,15.6,35.6
2026-02-28,9.0,11.0,7.1,79,5.2,25.6
2026-03-01,10.6,11.4,9.8,88,12.5,34.1
2026-03-02,11.8,14.8,9.6,80,0.0,30.1
2026-03-03,12.0,17.5,8.2,77,0.0,14.7
2026-03-04,11.8,16.6,8.3,79,0.0,13.7
2026-03-05,11.3,14.2,9.4,88,1.4,18.8
2026-03-06,8.7,9.6,8.1,79,0.3,27.6
2026-03-07,9.6,11.5,8.2,89,0.8,15.5
2026-03-08,10.2,13.7,7.3,96,1.0,7.7
2026-03-09,10.3,12.9,8.5,93,1.2,10.0
2026-03-10,9.8,11.6,7.0,88,3.1,31.2
2026-03-11,10.6,11.6,9.2,78,3.9,28.5
2026-03-12,10.9,12.1,9.5,82,4.8,41.1
2026-03-13,8.0,11.8,4.6,87,13.1,41.5
2026-03-14,6.5,9.5,4.0,78,5.1,19.6
2026-03-15,8.4,11.4,5.1,81,1.9,27.0
2026-03-16,10.3,12.0,8.6,74,0.5,22.9
2026-03-17,11.2,14.6,8.6,78,0.0,26.8
2026-03-18,13.7,20.1,9.3,68,0.0,22.7
2026-03-19,11.7,17.3,7.6,62,0.0,20.3
2026-03-20,11.1,16.5,6.6,70,0.0,15.8
2026-03-21,9.7,14.9,6.0,82,0.0,16.3
2026-03-22,9.0,14.1,5.1,82,0.0,16.4
2026-03-23,9.5,14.1,5.4,87,0.0,12.7
2026-03-24,10.2,12.0,8.1,84,0.3,31.0
2026-03-25,8.6,11.1,6.9,62,0.6,35.7
2026-03-26,8.4,10.5,6.1,65,0.0,20.1
2026-03-27,9.8,11.1,8.0,85,0.3,20.9
2026-03-28,8.6,10.2,6.7,71,0.8,27.9
2026-03-29,8.2,10.7,4.2,70,0.2,23.6
2026-03-30,11.1,12.3,9.2,82,1.1,28.4
2026-03-31,11.2,15.0,8.6,92,1.3,15.7
2026-04-01,10.7,12.8,9.4,84,0.5,21.6
2026-04-02,10.1,12.6,7.9,79,0.1,17.1
2026-04-03,11.6,13.8,9.0,88,3.8,28.9
2026-04-04,11.9,14.1,9.9,85,0.5,35.5
2026-04-05,10.7,12.2,7.6,72,0.4,31.3
2026-04-06,12.3,19.4,6.3,72,0.0,22.5
2026-04-07,17.5,21.9,13.9,66,0.0,24.2
2026-04-08,16.0,23.6,11.6,74,0.0,15.6
2026-04-09,11.9,14.6,8.4,79,0.0,24.7
2026-04-10,9.6,13.9,5.8,70,0.0,22.6
2026-04-11,9.6,11.4,7.4,70,6.4,35.3
2026-04-12,9.7,11.8,7.8,69,0.7,28.1
2026-04-13,9.1,12.1,5.5,74,1.0,17.7
2026-04-14,12.6,14.9,10.8,90,3.2,26.6
2026-04-15,12.7,14.7,11.4,90,4.8,33.9
2026-04-16,12.1,13.8,10.9,86,3.9,23.8
2026-04-17,12.6,14.8,11.1,87,1.0,22.6
2026-04-18,11.0,14.0,8.2,78,0.0,15.9
2026-04-19,11.0,16.6,6.8,76,0.0,19.9
2026-04-20,11.4,16.2,8.3,65,0.0,20.9
2026-04-21,11.4,16.1,7.4,66,0.0,29.8
2026-04-22,12.8,17.2,9.8,60,3.5,27.7
2026-04-23,15.4,21.4,10.1,51,0.0,23.8
2026-04-24,16.7,23.1,12.4,54,0.0,20.5
2026-04-25,15.5,20.4,10.7,70,0.0,13.2
2026-04-26,14.5,21.1,9.6,79,0.0,13.2
2026-04-27,15.0,21.9,9.8,69,0.0,20.0
2026-04-28,12.6,16.4,9.4,69,0.9,30.7
2026-04-29,13.8,20.4,9.7,81,25.5,28.1
2026-04-30,15.6,19.6,12.6,90,7.5,18.6
2026-05-01,13.4,15.9,10.9,82,0.0,12.5
2026-05-02,13.4,16.5,11.0,88,7.4,15.3
2026-05-03,13.0,15.1,11.1,86,1.8,15.9
2026-05-04,12.2,15.9,9.4,85,8.6,9.6
2026-05-05,11.8,14.4,10.3,92,4.8,16.0
2026-05-06,11.1,13.6,8.8,84,2.6,18.0
2026-05-07,11.8,15.1,8.4,80,2.0,14.6
2026-05-08,13.4,20.0,7.6,75,0.1,20.2
2026-05-09,14.5,17.5,11.9,83,16.9,23.7
2026-05-10,12.7,14.6,11.4,84,1.4,30.6
2026-05-11,11.7,14.0,9.4,69,0.0,22.2
2026-05-12,11.8,14.8,8.6,78,1.6,19.8
2026-05-13,11.2,12.9,9.6,74,1.9,32.2
2026-05-14,9.5,12.1,8.1,79,8.5,26.3
2026-05-15,10.1,13.2,7.2,72,1.6,22.9
2026-05-16,11.1,13.9,8.6,79,2.7,18.8
2026-05-17,11.4,14.1,9.1,76,0.9,18.6
2026-05-18,11.1,12.9,9.1,83,7.0,32.2
2026-05-19,13.8,15.4,12.4,90,10.0,34.1
2026-05-20,14.4,16.0,13.1,86,3.0,26.8
2026-05-21,16.9,21.6,12.4,77,0.0,18.1
2026-05-22,18.9,25.9,12.6,78,0.0,14.1
2026-05-23,17.1,21.8,12.6,82,0.0,17.7
2026-05-24,22.2,30.0,14.4,69,0.0,17.2
2026-05-25,25.7,31.6,20.5,60,0.0,16.0
2026-05-26,26.7,32.7,21.5,55,0.1,14.6
2026-05-27,23.1,28.0,17.8,64,0.0,12.3
2026-05-28,21.2,27.4,15.9,67,0.0,17.3
2026-05-29,16.8,22.8,14.2,80,0.0,21.4
2026-05-30,17.0,21.2,13.7,76,0.0,15.0
2026-05-31,16.7,19.1,14.2,78,0.0,16.8
2026-06-01,16.0,18.2,14.2,87,9.6,25.4
